"LOCATION","INDICATOR","SUBJECT","MEASURE","FREQUENCY","TIME","Value","Flag Codes"
"USA","CPI","FOOD","AGRWTH","M","1956-01",-1.70068,
"USA","CPI","FOOD","AGRWTH","M","1956-02",-2.372881,
"USA","CPI","FOOD","AGRWTH","M","1956-03",-2.033898,
"USA","CPI","FOOD","AGRWTH","M","1956-04",-1.689189,
"USA","CPI","FOOD","AGRWTH","M","1956-05",-0.3378378,
"USA","CPI","FOOD","AGRWTH","M","1956-06",1.683502,
"USA","CPI","FOOD","AGRWTH","M","1956-07",2.341137,
"USA","CPI","FOOD","AGRWTH","M","1956-08",1.689189,
"USA","CPI","FOOD","AGRWTH","M","1956-09",1.346801,
"USA","CPI","FOOD","AGRWTH","M","1956-10",2.380952,
"USA","CPI","FOOD","AGRWTH","M","1956-11",3.092783,
"USA","CPI","FOOD","AGRWTH","M","1956-12",2.749141,
"USA","CPI","FOOD","AGRWTH","M","1957-01",3.460208,
"USA","CPI","FOOD","AGRWTH","M","1957-02",4.513889,
"USA","CPI","FOOD","AGRWTH","M","1957-03",3.806228,
"USA","CPI","FOOD","AGRWTH","M","1957-04",3.780069,
"USA","CPI","FOOD","AGRWTH","M","1957-05",3.050848,
"USA","CPI","FOOD","AGRWTH","M","1957-06",2.317881,
"USA","CPI","FOOD","AGRWTH","M","1957-07",2.287582,
"USA","CPI","FOOD","AGRWTH","M","1957-08",4.318937,
"USA","CPI","FOOD","AGRWTH","M","1957-09",3.322259,
"USA","CPI","FOOD","AGRWTH","M","1957-10",2.657807,
"USA","CPI","FOOD","AGRWTH","M","1957-11",2.333333,
"USA","CPI","FOOD","AGRWTH","M","1957-12",3.010033,
"USA","CPI","FOOD","AGRWTH","M","1958-01",5.016722,
"USA","CPI","FOOD","AGRWTH","M","1958-02",4.651163,
"USA","CPI","FOOD","AGRWTH","M","1958-03",7.333333,
"USA","CPI","FOOD","AGRWTH","M","1958-04",7.284768,
"USA","CPI","FOOD","AGRWTH","M","1958-05",6.578948,
"USA","CPI","FOOD","AGRWTH","M","1958-06",4.854369,
"USA","CPI","FOOD","AGRWTH","M","1958-07",3.514377,
"USA","CPI","FOOD","AGRWTH","M","1958-08",2.229299,
"USA","CPI","FOOD","AGRWTH","M","1958-09",2.893891,
"USA","CPI","FOOD","AGRWTH","M","1958-10",2.912621,
"USA","CPI","FOOD","AGRWTH","M","1958-11",3.257329,
"USA","CPI","FOOD","AGRWTH","M","1958-12",1.948052,
"USA","CPI","FOOD","AGRWTH","M","1959-01",0.3184713,
"USA","CPI","FOOD","AGRWTH","M","1959-02",-0.6349207,
"USA","CPI","FOOD","AGRWTH","M","1959-03",-3.416149,
"USA","CPI","FOOD","AGRWTH","M","1959-04",-4.320988,
"USA","CPI","FOOD","AGRWTH","M","1959-05",-4.320988,
"USA","CPI","FOOD","AGRWTH","M","1959-06",-3.08642,
"USA","CPI","FOOD","AGRWTH","M","1959-07",-2.777778,
"USA","CPI","FOOD","AGRWTH","M","1959-08",-2.803738,
"USA","CPI","FOOD","AGRWTH","M","1959-09",-2.1875,
"USA","CPI","FOOD","AGRWTH","M","1959-10",-1.886792,
"USA","CPI","FOOD","AGRWTH","M","1959-11",-2.208202,
"USA","CPI","FOOD","AGRWTH","M","1959-12",-1.273885,
"USA","CPI","FOOD","AGRWTH","M","1960-01",-1.904762,
"USA","CPI","FOOD","AGRWTH","M","1960-02",-1.597444,
"USA","CPI","FOOD","AGRWTH","M","1960-03",-0.6430868,
"USA","CPI","FOOD","AGRWTH","M","1960-04",1.290323,
"USA","CPI","FOOD","AGRWTH","M","1960-05",1.612903,
"USA","CPI","FOOD","AGRWTH","M","1960-06",0.955414,
"USA","CPI","FOOD","AGRWTH","M","1960-07",0.952381,
"USA","CPI","FOOD","AGRWTH","M","1960-08",1.282051,
"USA","CPI","FOOD","AGRWTH","M","1960-09",0.9584665,
"USA","CPI","FOOD","AGRWTH","M","1960-10",1.923077,
"USA","CPI","FOOD","AGRWTH","M","1960-11",2.903226,
"USA","CPI","FOOD","AGRWTH","M","1960-12",3.225806,
"USA","CPI","FOOD","AGRWTH","M","1961-01",3.236246,
"USA","CPI","FOOD","AGRWTH","M","1961-02",3.571429,
"USA","CPI","FOOD","AGRWTH","M","1961-03",3.236246,
"USA","CPI","FOOD","AGRWTH","M","1961-04",1.592357,
"USA","CPI","FOOD","AGRWTH","M","1961-05",0.6349207,
"USA","CPI","FOOD","AGRWTH","M","1961-06",0,
"USA","CPI","FOOD","AGRWTH","M","1961-07",0.6289308,
"USA","CPI","FOOD","AGRWTH","M","1961-08",0.6329114,
"USA","CPI","FOOD","AGRWTH","M","1961-09",0.3164557,
"USA","CPI","FOOD","AGRWTH","M","1961-10",-0.3144654,
"USA","CPI","FOOD","AGRWTH","M","1961-11",-1.567398,
"USA","CPI","FOOD","AGRWTH","M","1961-12",-1.5625,
"USA","CPI","FOOD","AGRWTH","M","1962-01",-0.6269593,
"USA","CPI","FOOD","AGRWTH","M","1962-02",0,
"USA","CPI","FOOD","AGRWTH","M","1962-03",0,
"USA","CPI","FOOD","AGRWTH","M","1962-04",0,
"USA","CPI","FOOD","AGRWTH","M","1962-05",0.6309148,
"USA","CPI","FOOD","AGRWTH","M","1962-06",0.6309148,
"USA","CPI","FOOD","AGRWTH","M","1962-07",0,
"USA","CPI","FOOD","AGRWTH","M","1962-08",0.6289308,
"USA","CPI","FOOD","AGRWTH","M","1962-09",2.208202,
"USA","CPI","FOOD","AGRWTH","M","1962-10",1.577287,
"USA","CPI","FOOD","AGRWTH","M","1962-11",2.229299,
"USA","CPI","FOOD","AGRWTH","M","1962-12",1.269841,
"USA","CPI","FOOD","AGRWTH","M","1963-01",1.892744,
"USA","CPI","FOOD","AGRWTH","M","1963-02",1.567398,
"USA","CPI","FOOD","AGRWTH","M","1963-03",0.9404389,
"USA","CPI","FOOD","AGRWTH","M","1963-04",0.6269593,
"USA","CPI","FOOD","AGRWTH","M","1963-05",0.6269593,
"USA","CPI","FOOD","AGRWTH","M","1963-06",1.567398,
"USA","CPI","FOOD","AGRWTH","M","1963-07",2.5,
"USA","CPI","FOOD","AGRWTH","M","1963-08",2.1875,
"USA","CPI","FOOD","AGRWTH","M","1963-09",0.308642,
"USA","CPI","FOOD","AGRWTH","M","1963-10",0.310559,
"USA","CPI","FOOD","AGRWTH","M","1963-11",0.9345794,
"USA","CPI","FOOD","AGRWTH","M","1963-12",1.567398,
"USA","CPI","FOOD","AGRWTH","M","1964-01",0.9287926,
"USA","CPI","FOOD","AGRWTH","M","1964-02",0.9259259,
"USA","CPI","FOOD","AGRWTH","M","1964-03",0.931677,
"USA","CPI","FOOD","AGRWTH","M","1964-04",1.246106,
"USA","CPI","FOOD","AGRWTH","M","1964-05",0.9345794,
"USA","CPI","FOOD","AGRWTH","M","1964-06",0.9259259,
"USA","CPI","FOOD","AGRWTH","M","1964-07",0.9146342,
"USA","CPI","FOOD","AGRWTH","M","1964-08",0.9174312,
"USA","CPI","FOOD","AGRWTH","M","1964-09",1.538462,
"USA","CPI","FOOD","AGRWTH","M","1964-10",2.167183,
"USA","CPI","FOOD","AGRWTH","M","1964-11",1.54321,
"USA","CPI","FOOD","AGRWTH","M","1964-12",1.54321,
"USA","CPI","FOOD","AGRWTH","M","1965-01",0.613497,
"USA","CPI","FOOD","AGRWTH","M","1965-02",0.3058104,
"USA","CPI","FOOD","AGRWTH","M","1965-03",0.9230769,
"USA","CPI","FOOD","AGRWTH","M","1965-04",1.538462,
"USA","CPI","FOOD","AGRWTH","M","1965-05",2.469136,
"USA","CPI","FOOD","AGRWTH","M","1965-06",3.975535,
"USA","CPI","FOOD","AGRWTH","M","1965-07",3.625378,
"USA","CPI","FOOD","AGRWTH","M","1965-08",3.030303,
"USA","CPI","FOOD","AGRWTH","M","1965-09",2.424242,
"USA","CPI","FOOD","AGRWTH","M","1965-10",2.121212,
"USA","CPI","FOOD","AGRWTH","M","1965-11",2.431611,
"USA","CPI","FOOD","AGRWTH","M","1965-12",3.647416,
"USA","CPI","FOOD","AGRWTH","M","1966-01",4.878049,
"USA","CPI","FOOD","AGRWTH","M","1966-02",6.707317,
"USA","CPI","FOOD","AGRWTH","M","1966-03",7.317073,
"USA","CPI","FOOD","AGRWTH","M","1966-04",6.969697,
"USA","CPI","FOOD","AGRWTH","M","1966-05",5.421687,
"USA","CPI","FOOD","AGRWTH","M","1966-06",3.235294,
"USA","CPI","FOOD","AGRWTH","M","1966-07",2.915452,
"USA","CPI","FOOD","AGRWTH","M","1966-08",5.294117,
"USA","CPI","FOOD","AGRWTH","M","1966-09",5.621302,
"USA","CPI","FOOD","AGRWTH","M","1966-10",5.637982,
"USA","CPI","FOOD","AGRWTH","M","1966-11",4.747775,
"USA","CPI","FOOD","AGRWTH","M","1966-12",3.225806,
"USA","CPI","FOOD","AGRWTH","M","1967-01",2.034884,
"USA","CPI","FOOD","AGRWTH","M","1967-02",0,
"USA","CPI","FOOD","AGRWTH","M","1967-03",-0.8522727,
"USA","CPI","FOOD","AGRWTH","M","1967-04",-1.699717,
"USA","CPI","FOOD","AGRWTH","M","1967-05",-0.8571429,
"USA","CPI","FOOD","AGRWTH","M","1967-06",0,
"USA","CPI","FOOD","AGRWTH","M","1967-07",0.2832861,
"USA","CPI","FOOD","AGRWTH","M","1967-08",-0.5586592,
"USA","CPI","FOOD","AGRWTH","M","1967-09",-1.120448,
"USA","CPI","FOOD","AGRWTH","M","1967-10",-1.123595,
"USA","CPI","FOOD","AGRWTH","M","1967-11",-0.5665722,
"USA","CPI","FOOD","AGRWTH","M","1967-12",0.2840909,
"USA","CPI","FOOD","AGRWTH","M","1968-01",1.424501,
"USA","CPI","FOOD","AGRWTH","M","1968-02",2,
"USA","CPI","FOOD","AGRWTH","M","1968-03",2.86533,
"USA","CPI","FOOD","AGRWTH","M","1968-04",3.746398,
"USA","CPI","FOOD","AGRWTH","M","1968-05",4.034582,
"USA","CPI","FOOD","AGRWTH","M","1968-06",3.133903,
"USA","CPI","FOOD","AGRWTH","M","1968-07",3.107345,
"USA","CPI","FOOD","AGRWTH","M","1968-08",2.808989,
"USA","CPI","FOOD","AGRWTH","M","1968-09",3.399433,
"USA","CPI","FOOD","AGRWTH","M","1968-10",4.261364,
"USA","CPI","FOOD","AGRWTH","M","1968-11",3.988604,
"USA","CPI","FOOD","AGRWTH","M","1968-12",3.966006,
"USA","CPI","FOOD","AGRWTH","M","1969-01",3.932584,
"USA","CPI","FOOD","AGRWTH","M","1969-02",3.641457,
"USA","CPI","FOOD","AGRWTH","M","1969-03",3.342618,
"USA","CPI","FOOD","AGRWTH","M","1969-04",3.611111,
"USA","CPI","FOOD","AGRWTH","M","1969-05",3.878116,
"USA","CPI","FOOD","AGRWTH","M","1969-06",5.248619,
"USA","CPI","FOOD","AGRWTH","M","1969-07",5.479452,
"USA","CPI","FOOD","AGRWTH","M","1969-08",5.737705,
"USA","CPI","FOOD","AGRWTH","M","1969-09",6.027397,
"USA","CPI","FOOD","AGRWTH","M","1969-10",4.632153,
"USA","CPI","FOOD","AGRWTH","M","1969-11",6.027397,
"USA","CPI","FOOD","AGRWTH","M","1969-12",7.084469,
"USA","CPI","FOOD","AGRWTH","M","1970-01",7.027027,
"USA","CPI","FOOD","AGRWTH","M","1970-02",7.567567,
"USA","CPI","FOOD","AGRWTH","M","1970-03",7.277628,
"USA","CPI","FOOD","AGRWTH","M","1970-04",6.702413,
"USA","CPI","FOOD","AGRWTH","M","1970-05",6.666667,
"USA","CPI","FOOD","AGRWTH","M","1970-06",4.986876,
"USA","CPI","FOOD","AGRWTH","M","1970-07",4.675324,
"USA","CPI","FOOD","AGRWTH","M","1970-08",3.875969,
"USA","CPI","FOOD","AGRWTH","M","1970-09",3.617571,
"USA","CPI","FOOD","AGRWTH","M","1970-10",4.166667,
"USA","CPI","FOOD","AGRWTH","M","1970-11",2.583979,
"USA","CPI","FOOD","AGRWTH","M","1970-12",1.272265,
"USA","CPI","FOOD","AGRWTH","M","1971-01",0.5050505,
"USA","CPI","FOOD","AGRWTH","M","1971-02",0.5025126,
"USA","CPI","FOOD","AGRWTH","M","1971-03",1.507538,
"USA","CPI","FOOD","AGRWTH","M","1971-04",2.512563,
"USA","CPI","FOOD","AGRWTH","M","1971-05",2.25,
"USA","CPI","FOOD","AGRWTH","M","1971-06",3,
"USA","CPI","FOOD","AGRWTH","M","1971-07",2.977668,
"USA","CPI","FOOD","AGRWTH","M","1971-08",3.233831,
"USA","CPI","FOOD","AGRWTH","M","1971-09",2.493766,
"USA","CPI","FOOD","AGRWTH","M","1971-10",2.5,
"USA","CPI","FOOD","AGRWTH","M","1971-11",3.274559,
"USA","CPI","FOOD","AGRWTH","M","1971-12",4.271357,
"USA","CPI","FOOD","AGRWTH","M","1972-01",4.271357,
"USA","CPI","FOOD","AGRWTH","M","1972-02",5.75,
"USA","CPI","FOOD","AGRWTH","M","1972-03",4.950495,
"USA","CPI","FOOD","AGRWTH","M","1972-04",3.676471,
"USA","CPI","FOOD","AGRWTH","M","1972-05",3.178484,
"USA","CPI","FOOD","AGRWTH","M","1972-06",3.15534,
"USA","CPI","FOOD","AGRWTH","M","1972-07",3.614458,
"USA","CPI","FOOD","AGRWTH","M","1972-08",3.855422,
"USA","CPI","FOOD","AGRWTH","M","1972-09",4.86618,
"USA","CPI","FOOD","AGRWTH","M","1972-10",5.121951,
"USA","CPI","FOOD","AGRWTH","M","1972-11",5.853659,
"USA","CPI","FOOD","AGRWTH","M","1972-12",5.060241,
"USA","CPI","FOOD","AGRWTH","M","1973-01",7.710844,
"USA","CPI","FOOD","AGRWTH","M","1973-02",8.037825,
"USA","CPI","FOOD","AGRWTH","M","1973-03",11.08491,
"USA","CPI","FOOD","AGRWTH","M","1973-04",13.23877,
"USA","CPI","FOOD","AGRWTH","M","1973-05",14.45498,
"USA","CPI","FOOD","AGRWTH","M","1973-06",15.52941,
"USA","CPI","FOOD","AGRWTH","M","1973-07",15.11628,
"USA","CPI","FOOD","AGRWTH","M","1973-08",23.43387,
"USA","CPI","FOOD","AGRWTH","M","1973-09",21.57773,
"USA","CPI","FOOD","AGRWTH","M","1973-10",21.11369,
"USA","CPI","FOOD","AGRWTH","M","1973-11",21.42857,
"USA","CPI","FOOD","AGRWTH","M","1973-12",22.01835,
"USA","CPI","FOOD","AGRWTH","M","1974-01",21.2528,
"USA","CPI","FOOD","AGRWTH","M","1974-02",22.31948,
"USA","CPI","FOOD","AGRWTH","M","1974-03",19.74522,
"USA","CPI","FOOD","AGRWTH","M","1974-04",16.91023,
"USA","CPI","FOOD","AGRWTH","M","1974-05",16.56315,
"USA","CPI","FOOD","AGRWTH","M","1974-06",15.07128,
"USA","CPI","FOOD","AGRWTH","M","1974-07",13.93939,
"USA","CPI","FOOD","AGRWTH","M","1974-08",7.706767,
"USA","CPI","FOOD","AGRWTH","M","1974-09",10.87786,
"USA","CPI","FOOD","AGRWTH","M","1974-10",12.06897,
"USA","CPI","FOOD","AGRWTH","M","1974-11",12.14421,
"USA","CPI","FOOD","AGRWTH","M","1974-12",12.40602,
"USA","CPI","FOOD","AGRWTH","M","1975-01",11.07011,
"USA","CPI","FOOD","AGRWTH","M","1975-02",8.05009,
"USA","CPI","FOOD","AGRWTH","M","1975-03",6.737589,
"USA","CPI","FOOD","AGRWTH","M","1975-04",7.321429,
"USA","CPI","FOOD","AGRWTH","M","1975-05",7.104796,
"USA","CPI","FOOD","AGRWTH","M","1975-06",8.672566,
"USA","CPI","FOOD","AGRWTH","M","1975-07",12.05674,
"USA","CPI","FOOD","AGRWTH","M","1975-08",9.773124,
"USA","CPI","FOOD","AGRWTH","M","1975-09",7.745267,
"USA","CPI","FOOD","AGRWTH","M","1975-10",7.692307,
"USA","CPI","FOOD","AGRWTH","M","1975-11",6.937394,
"USA","CPI","FOOD","AGRWTH","M","1975-12",6.187291,
"USA","CPI","FOOD","AGRWTH","M","1976-01",5.481728,
"USA","CPI","FOOD","AGRWTH","M","1976-02",4.470199,
"USA","CPI","FOOD","AGRWTH","M","1976-03",3.654485,
"USA","CPI","FOOD","AGRWTH","M","1976-04",4.159734,
"USA","CPI","FOOD","AGRWTH","M","1976-05",4.145937,
"USA","CPI","FOOD","AGRWTH","M","1976-06",2.76873,
"USA","CPI","FOOD","AGRWTH","M","1976-07",0.4746836,
"USA","CPI","FOOD","AGRWTH","M","1976-08",1.112878,
"USA","CPI","FOOD","AGRWTH","M","1976-09",0.9584665,
"USA","CPI","FOOD","AGRWTH","M","1976-10",0.1587302,
"USA","CPI","FOOD","AGRWTH","M","1976-11",-0.6329114,
"USA","CPI","FOOD","AGRWTH","M","1976-12",-0.7874016,
"USA","CPI","FOOD","AGRWTH","M","1977-01",0.3149606,
"USA","CPI","FOOD","AGRWTH","M","1977-02",3.645008,
"USA","CPI","FOOD","AGRWTH","M","1977-03",5.288462,
"USA","CPI","FOOD","AGRWTH","M","1977-04",6.230032,
"USA","CPI","FOOD","AGRWTH","M","1977-05",6.210191,
"USA","CPI","FOOD","AGRWTH","M","1977-06",6.81458,
"USA","CPI","FOOD","AGRWTH","M","1977-07",6.614173,
"USA","CPI","FOOD","AGRWTH","M","1977-08",6.761006,
"USA","CPI","FOOD","AGRWTH","M","1977-09",6.803797,
"USA","CPI","FOOD","AGRWTH","M","1977-10",6.656101,
"USA","CPI","FOOD","AGRWTH","M","1977-11",7.961783,
"USA","CPI","FOOD","AGRWTH","M","1977-12",7.936508,
"USA","CPI","FOOD","AGRWTH","M","1978-01",8.634223,
"USA","CPI","FOOD","AGRWTH","M","1978-02",7.492355,
"USA","CPI","FOOD","AGRWTH","M","1978-03",8.219178,
"USA","CPI","FOOD","AGRWTH","M","1978-04",9.022556,
"USA","CPI","FOOD","AGRWTH","M","1978-05",10.49475,
"USA","CPI","FOOD","AGRWTH","M","1978-06",11.42433,
"USA","CPI","FOOD","AGRWTH","M","1978-07",11.37371,
"USA","CPI","FOOD","AGRWTH","M","1978-08",11.04566,
"USA","CPI","FOOD","AGRWTH","M","1978-09",11.40741,
"USA","CPI","FOOD","AGRWTH","M","1978-10",12.48143,
"USA","CPI","FOOD","AGRWTH","M","1978-11",11.9469,
"USA","CPI","FOOD","AGRWTH","M","1978-12",12.5,
"USA","CPI","FOOD","AGRWTH","M","1979-01",13.2948,
"USA","CPI","FOOD","AGRWTH","M","1979-02",13.94026,
"USA","CPI","FOOD","AGRWTH","M","1979-03",13.64276,
"USA","CPI","FOOD","AGRWTH","M","1979-04",12.27586,
"USA","CPI","FOOD","AGRWTH","M","1979-05",11.26187,
"USA","CPI","FOOD","AGRWTH","M","1979-06",9.587217,
"USA","CPI","FOOD","AGRWTH","M","1979-07",9.681698,
"USA","CPI","FOOD","AGRWTH","M","1979-08",9.018568,
"USA","CPI","FOOD","AGRWTH","M","1979-09",9.574468,
"USA","CPI","FOOD","AGRWTH","M","1979-10",9.247027,
"USA","CPI","FOOD","AGRWTH","M","1979-11",9.222661,
"USA","CPI","FOOD","AGRWTH","M","1979-12",9.673203,
"USA","CPI","FOOD","AGRWTH","M","1980-01",7.780612,
"USA","CPI","FOOD","AGRWTH","M","1980-02",5.867665,
"USA","CPI","FOOD","AGRWTH","M","1980-03",5.940594,
"USA","CPI","FOOD","AGRWTH","M","1980-04",5.896806,
"USA","CPI","FOOD","AGRWTH","M","1980-05",5.609756,
"USA","CPI","FOOD","AGRWTH","M","1980-06",5.832321,
"USA","CPI","FOOD","AGRWTH","M","1980-07",6.892382,
"USA","CPI","FOOD","AGRWTH","M","1980-08",9.489051,
"USA","CPI","FOOD","AGRWTH","M","1980-09",10.43689,
"USA","CPI","FOOD","AGRWTH","M","1980-10",10.39903,
"USA","CPI","FOOD","AGRWTH","M","1980-11",11.09771,
"USA","CPI","FOOD","AGRWTH","M","1980-12",10.48868,
"USA","CPI","FOOD","AGRWTH","M","1981-01",10.4142,
"USA","CPI","FOOD","AGRWTH","M","1981-02",10.73113,
"USA","CPI","FOOD","AGRWTH","M","1981-03",10.28037,
"USA","CPI","FOOD","AGRWTH","M","1981-04",9.512761,
"USA","CPI","FOOD","AGRWTH","M","1981-05",8.545034,
"USA","CPI","FOOD","AGRWTH","M","1981-06",8.381171,
"USA","CPI","FOOD","AGRWTH","M","1981-07",7.918552,
"USA","CPI","FOOD","AGRWTH","M","1981-08",6.444445,
"USA","CPI","FOOD","AGRWTH","M","1981-09",5.494505,
"USA","CPI","FOOD","AGRWTH","M","1981-10",4.709748,
"USA","CPI","FOOD","AGRWTH","M","1981-11",3.365907,
"USA","CPI","FOOD","AGRWTH","M","1981-12",2.912621,
"USA","CPI","FOOD","AGRWTH","M","1982-01",3.644159,
"USA","CPI","FOOD","AGRWTH","M","1982-02",4.046858,
"USA","CPI","FOOD","AGRWTH","M","1982-03",3.072034,
"USA","CPI","FOOD","AGRWTH","M","1982-04",3.389831,
"USA","CPI","FOOD","AGRWTH","M","1982-05",4.574468,
"USA","CPI","FOOD","AGRWTH","M","1982-06",5.190678,
"USA","CPI","FOOD","AGRWTH","M","1982-07",4.08805,
"USA","CPI","FOOD","AGRWTH","M","1982-08",2.922756,
"USA","CPI","FOOD","AGRWTH","M","1982-09",2.708333,
"USA","CPI","FOOD","AGRWTH","M","1982-10",2.719665,
"USA","CPI","FOOD","AGRWTH","M","1982-11",2.731092,
"USA","CPI","FOOD","AGRWTH","M","1982-12",2.30608,
"USA","CPI","FOOD","AGRWTH","M","1983-01",1.447777,
"USA","CPI","FOOD","AGRWTH","M","1983-02",0.8188332,
"USA","CPI","FOOD","AGRWTH","M","1983-03",1.747174,
"USA","CPI","FOOD","AGRWTH","M","1983-04",2.04918,
"USA","CPI","FOOD","AGRWTH","M","1983-05",1.424212,
"USA","CPI","FOOD","AGRWTH","M","1983-06",0.1007049,
"USA","CPI","FOOD","AGRWTH","M","1983-07",0,
"USA","CPI","FOOD","AGRWTH","M","1983-08",0.6085193,
"USA","CPI","FOOD","AGRWTH","M","1983-09",0.6085193,
"USA","CPI","FOOD","AGRWTH","M","1983-10",1.01833,
"USA","CPI","FOOD","AGRWTH","M","1983-11",1.124744,
"USA","CPI","FOOD","AGRWTH","M","1983-12",1.844262,
"USA","CPI","FOOD","AGRWTH","M","1984-01",3.873598,
"USA","CPI","FOOD","AGRWTH","M","1984-02",4.670051,
"USA","CPI","FOOD","AGRWTH","M","1984-03",4.040404,
"USA","CPI","FOOD","AGRWTH","M","1984-04",3.313253,
"USA","CPI","FOOD","AGRWTH","M","1984-05",2.407222,
"USA","CPI","FOOD","AGRWTH","M","1984-06",3.018109,
"USA","CPI","FOOD","AGRWTH","M","1984-07",3.524673,
"USA","CPI","FOOD","AGRWTH","M","1984-08",4.233871,
"USA","CPI","FOOD","AGRWTH","M","1984-09",3.931452,
"USA","CPI","FOOD","AGRWTH","M","1984-10",3.931452,
"USA","CPI","FOOD","AGRWTH","M","1984-11",3.842265,
"USA","CPI","FOOD","AGRWTH","M","1984-12",3.62173,
"USA","CPI","FOOD","AGRWTH","M","1985-01",2.060844,
"USA","CPI","FOOD","AGRWTH","M","1985-02",1.745878,
"USA","CPI","FOOD","AGRWTH","M","1985-03",1.747573,
"USA","CPI","FOOD","AGRWTH","M","1985-04",1.652089,
"USA","CPI","FOOD","AGRWTH","M","1985-05",1.958864,
"USA","CPI","FOOD","AGRWTH","M","1985-06",1.5625,
"USA","CPI","FOOD","AGRWTH","M","1985-07",1.264591,
"USA","CPI","FOOD","AGRWTH","M","1985-08",0.483559,
"USA","CPI","FOOD","AGRWTH","M","1985-09",0.6789525,
"USA","CPI","FOOD","AGRWTH","M","1985-10",0.5819592,
"USA","CPI","FOOD","AGRWTH","M","1985-11",1.460565,
"USA","CPI","FOOD","AGRWTH","M","1985-12",2.038835,
"USA","CPI","FOOD","AGRWTH","M","1986-01",2.211539,
"USA","CPI","FOOD","AGRWTH","M","1986-02",0.9532889,
"USA","CPI","FOOD","AGRWTH","M","1986-03",0.9541985,
"USA","CPI","FOOD","AGRWTH","M","1986-04",1.24283,
"USA","CPI","FOOD","AGRWTH","M","1986-05",1.92123,
"USA","CPI","FOOD","AGRWTH","M","1986-06",1.923077,
"USA","CPI","FOOD","AGRWTH","M","1986-07",3.073967,
"USA","CPI","FOOD","AGRWTH","M","1986-08",4.427334,
"USA","CPI","FOOD","AGRWTH","M","1986-09",4.624278,
"USA","CPI","FOOD","AGRWTH","M","1986-10",4.821601,
"USA","CPI","FOOD","AGRWTH","M","1986-11",4.510557,
"USA","CPI","FOOD","AGRWTH","M","1986-12",3.710752,
"USA","CPI","FOOD","AGRWTH","M","1987-01",4.139229,
"USA","CPI","FOOD","AGRWTH","M","1987-02",5.004722,
"USA","CPI","FOOD","AGRWTH","M","1987-03",4.820416,
"USA","CPI","FOOD","AGRWTH","M","1987-04",5.09915,
"USA","CPI","FOOD","AGRWTH","M","1987-05",5.560791,
"USA","CPI","FOOD","AGRWTH","M","1987-06",6.226415,
"USA","CPI","FOOD","AGRWTH","M","1987-07",4.473439,
"USA","CPI","FOOD","AGRWTH","M","1987-08",3.317972,
"USA","CPI","FOOD","AGRWTH","M","1987-09",3.499079,
"USA","CPI","FOOD","AGRWTH","M","1987-10",3.403864,
"USA","CPI","FOOD","AGRWTH","M","1987-11",2.938476,
"USA","CPI","FOOD","AGRWTH","M","1987-12",3.486238,
"USA","CPI","FOOD","AGRWTH","M","1988-01",3.071364,
"USA","CPI","FOOD","AGRWTH","M","1988-02",2.428058,
"USA","CPI","FOOD","AGRWTH","M","1988-03",2.70514,
"USA","CPI","FOOD","AGRWTH","M","1988-04",2.96496,
"USA","CPI","FOOD","AGRWTH","M","1988-05",2.767857,
"USA","CPI","FOOD","AGRWTH","M","1988-06",2.841918,
"USA","CPI","FOOD","AGRWTH","M","1988-07",4.638715,
"USA","CPI","FOOD","AGRWTH","M","1988-08",5.352364,
"USA","CPI","FOOD","AGRWTH","M","1988-09",5.871886,
"USA","CPI","FOOD","AGRWTH","M","1988-10",5.871886,
"USA","CPI","FOOD","AGRWTH","M","1988-11",5.8876,
"USA","CPI","FOOD","AGRWTH","M","1988-12",5.585106,
"USA","CPI","FOOD","AGRWTH","M","1989-01",6.222612,
"USA","CPI","FOOD","AGRWTH","M","1989-02",7.111501,
"USA","CPI","FOOD","AGRWTH","M","1989-03",7.726076,
"USA","CPI","FOOD","AGRWTH","M","1989-04",7.766143,
"USA","CPI","FOOD","AGRWTH","M","1989-05",8.07993,
"USA","CPI","FOOD","AGRWTH","M","1989-06",7.340242,
"USA","CPI","FOOD","AGRWTH","M","1989-07",6.393862,
"USA","CPI","FOOD","AGRWTH","M","1989-08",5.757833,
"USA","CPI","FOOD","AGRWTH","M","1989-09",5.042017,
"USA","CPI","FOOD","AGRWTH","M","1989-10",5.378151,
"USA","CPI","FOOD","AGRWTH","M","1989-11",5.981466,
"USA","CPI","FOOD","AGRWTH","M","1989-12",6.213266,
"USA","CPI","FOOD","AGRWTH","M","1990-01",8.085809,
"USA","CPI","FOOD","AGRWTH","M","1990-02",8.278688,
"USA","CPI","FOOD","AGRWTH","M","1990-03",7.497962,
"USA","CPI","FOOD","AGRWTH","M","1990-04",6.153846,
"USA","CPI","FOOD","AGRWTH","M","1990-05",5.22508,
"USA","CPI","FOOD","AGRWTH","M","1990-06",5.953339,
"USA","CPI","FOOD","AGRWTH","M","1990-07",6.169872,
"USA","CPI","FOOD","AGRWTH","M","1990-08",6.244996,
"USA","CPI","FOOD","AGRWTH","M","1990-09",6.32,
"USA","CPI","FOOD","AGRWTH","M","1990-10",6.379585,
"USA","CPI","FOOD","AGRWTH","M","1990-11",6.359301,
"USA","CPI","FOOD","AGRWTH","M","1990-12",5.770751,
"USA","CPI","FOOD","AGRWTH","M","1991-01",4.122138,
"USA","CPI","FOOD","AGRWTH","M","1991-02",2.725208,
"USA","CPI","FOOD","AGRWTH","M","1991-03",3.108415,
"USA","CPI","FOOD","AGRWTH","M","1991-04",4.500381,
"USA","CPI","FOOD","AGRWTH","M","1991-05",4.583652,
"USA","CPI","FOOD","AGRWTH","M","1991-06",4.328018,
"USA","CPI","FOOD","AGRWTH","M","1991-07",2.64151,
"USA","CPI","FOOD","AGRWTH","M","1991-08",1.657875,
"USA","CPI","FOOD","AGRWTH","M","1991-09",1.504891,
"USA","CPI","FOOD","AGRWTH","M","1991-10",0.7496252,
"USA","CPI","FOOD","AGRWTH","M","1991-11",0.896861,
"USA","CPI","FOOD","AGRWTH","M","1991-12",1.270553,
"USA","CPI","FOOD","AGRWTH","M","1992-01",0,
"USA","CPI","FOOD","AGRWTH","M","1992-02",0.6632277,
"USA","CPI","FOOD","AGRWTH","M","1992-03",1.102941,
"USA","CPI","FOOD","AGRWTH","M","1992-04",0.2919708,
"USA","CPI","FOOD","AGRWTH","M","1992-05",-0.5113221,
"USA","CPI","FOOD","AGRWTH","M","1992-06",-0.9461427,
"USA","CPI","FOOD","AGRWTH","M","1992-07",-0.2205882,
"USA","CPI","FOOD","AGRWTH","M","1992-08",1.48258,
"USA","CPI","FOOD","AGRWTH","M","1992-09",1.853225,
"USA","CPI","FOOD","AGRWTH","M","1992-10",2.083333,
"USA","CPI","FOOD","AGRWTH","M","1992-11",1.481481,
"USA","CPI","FOOD","AGRWTH","M","1992-12",1.476015,
"USA","CPI","FOOD","AGRWTH","M","1993-01",1.979472,
"USA","CPI","FOOD","AGRWTH","M","1993-02",1.830161,
"USA","CPI","FOOD","AGRWTH","M","1993-03",1.381818,
"USA","CPI","FOOD","AGRWTH","M","1993-04",1.892285,
"USA","CPI","FOOD","AGRWTH","M","1993-05",3.303965,
"USA","CPI","FOOD","AGRWTH","M","1993-06",2.351212,
"USA","CPI","FOOD","AGRWTH","M","1993-07",2.505527,
"USA","CPI","FOOD","AGRWTH","M","1993-08",2.045289,
"USA","CPI","FOOD","AGRWTH","M","1993-09",1.892285,
"USA","CPI","FOOD","AGRWTH","M","1993-10",2.623907,
"USA","CPI","FOOD","AGRWTH","M","1993-11",3.065693,
"USA","CPI","FOOD","AGRWTH","M","1993-12",3.490909,
"USA","CPI","FOOD","AGRWTH","M","1994-01",3.378864,
"USA","CPI","FOOD","AGRWTH","M","1994-02",2.516176,
"USA","CPI","FOOD","AGRWTH","M","1994-03",2.439024,
"USA","CPI","FOOD","AGRWTH","M","1994-04",2.142857,
"USA","CPI","FOOD","AGRWTH","M","1994-05",1.634684,
"USA","CPI","FOOD","AGRWTH","M","1994-06",2.58435,
"USA","CPI","FOOD","AGRWTH","M","1994-07",3.522645,
"USA","CPI","FOOD","AGRWTH","M","1994-08",3.579098,
"USA","CPI","FOOD","AGRWTH","M","1994-09",3.571429,
"USA","CPI","FOOD","AGRWTH","M","1994-10",2.840909,
"USA","CPI","FOOD","AGRWTH","M","1994-11",2.76204,
"USA","CPI","FOOD","AGRWTH","M","1994-12",3.513703,
"USA","CPI","FOOD","AGRWTH","M","1995-01",3.059805,
"USA","CPI","FOOD","AGRWTH","M","1995-02",3.71669,
"USA","CPI","FOOD","AGRWTH","M","1995-03",3.361345,
"USA","CPI","FOOD","AGRWTH","M","1995-04",4.335664,
"USA","CPI","FOOD","AGRWTH","M","1995-05",3.986014,
"USA","CPI","FOOD","AGRWTH","M","1995-06",3.638908,
"USA","CPI","FOOD","AGRWTH","M","1995-07",2.916667,
"USA","CPI","FOOD","AGRWTH","M","1995-08",2.557014,
"USA","CPI","FOOD","AGRWTH","M","1995-09",2.896552,
"USA","CPI","FOOD","AGRWTH","M","1995-10",3.383978,
"USA","CPI","FOOD","AGRWTH","M","1995-11",3.032392,
"USA","CPI","FOOD","AGRWTH","M","1995-12",2.03666,
"USA","CPI","FOOD","AGRWTH","M","1996-01",2.496626,
"USA","CPI","FOOD","AGRWTH","M","1996-02",2.366464,
"USA","CPI","FOOD","AGRWTH","M","1996-03",3.319783,
"USA","CPI","FOOD","AGRWTH","M","1996-04",2.747989,
"USA","CPI","FOOD","AGRWTH","M","1996-05",2.62273,
"USA","CPI","FOOD","AGRWTH","M","1996-06",3.578663,
"USA","CPI","FOOD","AGRWTH","M","1996-07",3.981107,
"USA","CPI","FOOD","AGRWTH","M","1996-08",4.312668,
"USA","CPI","FOOD","AGRWTH","M","1996-09",4.490617,
"USA","CPI","FOOD","AGRWTH","M","1996-10",4.742819,
"USA","CPI","FOOD","AGRWTH","M","1996-11",5.150502,
"USA","CPI","FOOD","AGRWTH","M","1996-12",4.923486,
"USA","CPI","FOOD","AGRWTH","M","1997-01",3.949967,
"USA","CPI","FOOD","AGRWTH","M","1997-02",4.161162,
"USA","CPI","FOOD","AGRWTH","M","1997-03",3.409836,
"USA","CPI","FOOD","AGRWTH","M","1997-04",2.739726,
"USA","CPI","FOOD","AGRWTH","M","1997-05",3.211009,
"USA","CPI","FOOD","AGRWTH","M","1997-06",2.542373,
"USA","CPI","FOOD","AGRWTH","M","1997-07",2.336145,
"USA","CPI","FOOD","AGRWTH","M","1997-08",2.390181,
"USA","CPI","FOOD","AGRWTH","M","1997-09",1.731879,
"USA","CPI","FOOD","AGRWTH","M","1997-10",1.403061,
"USA","CPI","FOOD","AGRWTH","M","1997-11",1.208651,
"USA","CPI","FOOD","AGRWTH","M","1997-12",0.9511731,
"USA","CPI","FOOD","AGRWTH","M","1998-01",1.963268,
"USA","CPI","FOOD","AGRWTH","M","1998-02",1.458465,
"USA","CPI","FOOD","AGRWTH","M","1998-03",1.585289,
"USA","CPI","FOOD","AGRWTH","M","1998-04",1.714286,
"USA","CPI","FOOD","AGRWTH","M","1998-05",2.031746,
"USA","CPI","FOOD","AGRWTH","M","1998-06",2.034329,
"USA","CPI","FOOD","AGRWTH","M","1998-07",1.965758,
"USA","CPI","FOOD","AGRWTH","M","1998-08",1.829653,
"USA","CPI","FOOD","AGRWTH","M","1998-09",1.639344,
"USA","CPI","FOOD","AGRWTH","M","1998-10",2.201258,
"USA","CPI","FOOD","AGRWTH","M","1998-11",2.137021,
"USA","CPI","FOOD","AGRWTH","M","1998-12",2.135678,
"USA","CPI","FOOD","AGRWTH","M","1999-01",2.04969,
"USA","CPI","FOOD","AGRWTH","M","1999-02",2.375,
"USA","CPI","FOOD","AGRWTH","M","1999-03",1.997503,
"USA","CPI","FOOD","AGRWTH","M","1999-04",2.059925,
"USA","CPI","FOOD","AGRWTH","M","1999-05",1.991288,
"USA","CPI","FOOD","AGRWTH","M","1999-06",1.99377,
"USA","CPI","FOOD","AGRWTH","M","1999-07",1.803483,
"USA","CPI","FOOD","AGRWTH","M","1999-08",1.672862,
"USA","CPI","FOOD","AGRWTH","M","1999-09",2.047146,
"USA","CPI","FOOD","AGRWTH","M","1999-10",1.6,
"USA","CPI","FOOD","AGRWTH","M","1999-11",1.6,
"USA","CPI","FOOD","AGRWTH","M","1999-12",1.722017,
"USA","CPI","FOOD","AGRWTH","M","2000-01",1.217285,
"USA","CPI","FOOD","AGRWTH","M","2000-02",1.526252,
"USA","CPI","FOOD","AGRWTH","M","2000-03",1.835985,
"USA","CPI","FOOD","AGRWTH","M","2000-04",1.834862,
"USA","CPI","FOOD","AGRWTH","M","2000-05",2.196461,
"USA","CPI","FOOD","AGRWTH","M","2000-06",2.199145,
"USA","CPI","FOOD","AGRWTH","M","2000-07",2.810018,
"USA","CPI","FOOD","AGRWTH","M","2000-08",2.925046,
"USA","CPI","FOOD","AGRWTH","M","2000-09",2.735562,
"USA","CPI","FOOD","AGRWTH","M","2000-10",2.422774,
"USA","CPI","FOOD","AGRWTH","M","2000-11",2.241066,
"USA","CPI","FOOD","AGRWTH","M","2000-12",2.902056,
"USA","CPI","FOOD","AGRWTH","M","2001-01",3.006614,
"USA","CPI","FOOD","AGRWTH","M","2001-02",3.307276,
"USA","CPI","FOOD","AGRWTH","M","2001-03",3.365385,
"USA","CPI","FOOD","AGRWTH","M","2001-04",3.423424,
"USA","CPI","FOOD","AGRWTH","M","2001-05",3.164179,
"USA","CPI","FOOD","AGRWTH","M","2001-06",3.586372,
"USA","CPI","FOOD","AGRWTH","M","2001-07",3.327392,
"USA","CPI","FOOD","AGRWTH","M","2001-08",3.137951,
"USA","CPI","FOOD","AGRWTH","M","2001-09",3.136095,
"USA","CPI","FOOD","AGRWTH","M","2001-10",3.607333,
"USA","CPI","FOOD","AGRWTH","M","2001-11",3.495261,
"USA","CPI","FOOD","AGRWTH","M","2001-12",2.643948,
"USA","CPI","FOOD","AGRWTH","M","2002-01",2.860479,
"USA","CPI","FOOD","AGRWTH","M","2002-02",2.444703,
"USA","CPI","FOOD","AGRWTH","M","2002-03",2.5,
"USA","CPI","FOOD","AGRWTH","M","2002-04",2.439024,
"USA","CPI","FOOD","AGRWTH","M","2002-05",1.5625,
"USA","CPI","FOOD","AGRWTH","M","2002-06",0.9809579,
"USA","CPI","FOOD","AGRWTH","M","2002-07",0.7475561,
"USA","CPI","FOOD","AGRWTH","M","2002-08",0.401837,
"USA","CPI","FOOD","AGRWTH","M","2002-09",0.5163511,
"USA","CPI","FOOD","AGRWTH","M","2002-10",-0.05707762,
"USA","CPI","FOOD","AGRWTH","M","2002-11",0.4579279,
"USA","CPI","FOOD","AGRWTH","M","2002-12",0.8013738,
"USA","CPI","FOOD","AGRWTH","M","2003-01",0.2837684,
"USA","CPI","FOOD","AGRWTH","M","2003-02",0.9090909,
"USA","CPI","FOOD","AGRWTH","M","2003-03",0.7941009,
"USA","CPI","FOOD","AGRWTH","M","2003-04",0.5102041,
"USA","CPI","FOOD","AGRWTH","M","2003-05",1.310541,
"USA","CPI","FOOD","AGRWTH","M","2003-06",2.228571,
"USA","CPI","FOOD","AGRWTH","M","2003-07",2.111872,
"USA","CPI","FOOD","AGRWTH","M","2003-08",2.744425,
"USA","CPI","FOOD","AGRWTH","M","2003-09",2.796804,
"USA","CPI","FOOD","AGRWTH","M","2003-10",3.655054,
"USA","CPI","FOOD","AGRWTH","M","2003-11",3.931624,
"USA","CPI","FOOD","AGRWTH","M","2003-12",4.542873,
"USA","CPI","FOOD","AGRWTH","M","2004-01",4.131296,
"USA","CPI","FOOD","AGRWTH","M","2004-02",3.603604,
"USA","CPI","FOOD","AGRWTH","M","2004-03",3.714125,
"USA","CPI","FOOD","AGRWTH","M","2004-04",3.835307,
"USA","CPI","FOOD","AGRWTH","M","2004-05",4.949381,
"USA","CPI","FOOD","AGRWTH","M","2004-06",4.415875,
"USA","CPI","FOOD","AGRWTH","M","2004-07",4.583566,
"USA","CPI","FOOD","AGRWTH","M","2004-08",3.895381,
"USA","CPI","FOOD","AGRWTH","M","2004-09",3.331482,
"USA","CPI","FOOD","AGRWTH","M","2004-10",3.526171,
"USA","CPI","FOOD","AGRWTH","M","2004-11",3.125,
"USA","CPI","FOOD","AGRWTH","M","2004-12",2.390005,
"USA","CPI","FOOD","AGRWTH","M","2005-01",2.663043,
"USA","CPI","FOOD","AGRWTH","M","2005-02",2.173913,
"USA","CPI","FOOD","AGRWTH","M","2005-03",2.061856,
"USA","CPI","FOOD","AGRWTH","M","2005-04",3.096143,
"USA","CPI","FOOD","AGRWTH","M","2005-05",1.982851,
"USA","CPI","FOOD","AGRWTH","M","2005-06",1.391863,
"USA","CPI","FOOD","AGRWTH","M","2005-07",1.443079,
"USA","CPI","FOOD","AGRWTH","M","2005-08",1.499732,
"USA","CPI","FOOD","AGRWTH","M","2005-09",2.095648,
"USA","CPI","FOOD","AGRWTH","M","2005-10",1.543374,
"USA","CPI","FOOD","AGRWTH","M","2005-11",1.541733,
"USA","CPI","FOOD","AGRWTH","M","2005-12",1.697613,
"USA","CPI","FOOD","AGRWTH","M","2006-01",2.382213,
"USA","CPI","FOOD","AGRWTH","M","2006-02",2.446809,
"USA","CPI","FOOD","AGRWTH","M","2006-03",2.232855,
"USA","CPI","FOOD","AGRWTH","M","2006-04",0.8956797,
"USA","CPI","FOOD","AGRWTH","M","2006-05",0.8407777,
"USA","CPI","FOOD","AGRWTH","M","2006-06",1.478353,
"USA","CPI","FOOD","AGRWTH","M","2006-07",1.475237,
"USA","CPI","FOOD","AGRWTH","M","2006-08",1.899736,
"USA","CPI","FOOD","AGRWTH","M","2006-09",2.157895,
"USA","CPI","FOOD","AGRWTH","M","2006-10",2.253669,
"USA","CPI","FOOD","AGRWTH","M","2006-11",1.727749,
"USA","CPI","FOOD","AGRWTH","M","2006-12",1.356286,
"USA","CPI","FOOD","AGRWTH","M","2007-01",1.691313,
"USA","CPI","FOOD","AGRWTH","M","2007-02",2.903946,
"USA","CPI","FOOD","AGRWTH","M","2007-03",3.362454,
"USA","CPI","FOOD","AGRWTH","M","2007-04",3.926893,
"USA","CPI","FOOD","AGRWTH","M","2007-05",4.394998,
"USA","CPI","FOOD","AGRWTH","M","2007-06",4.552549,
"USA","CPI","FOOD","AGRWTH","M","2007-07",4.569574,
"USA","CPI","FOOD","AGRWTH","M","2007-08",4.674262,
"USA","CPI","FOOD","AGRWTH","M","2007-09",4.684699,
"USA","CPI","FOOD","AGRWTH","M","2007-10",4.732445,
"USA","CPI","FOOD","AGRWTH","M","2007-11",5.375708,
"USA","CPI","FOOD","AGRWTH","M","2007-12",5.613999,
"USA","CPI","FOOD","AGRWTH","M","2008-01",5.751738,
"USA","CPI","FOOD","AGRWTH","M","2008-02",5.114207,
"USA","CPI","FOOD","AGRWTH","M","2008-03",4.747794,
"USA","CPI","FOOD","AGRWTH","M","2008-04",5.944629,
"USA","CPI","FOOD","AGRWTH","M","2008-05",5.754889,
"USA","CPI","FOOD","AGRWTH","M","2008-06",6.081612,
"USA","CPI","FOOD","AGRWTH","M","2008-07",7.141971,
"USA","CPI","FOOD","AGRWTH","M","2008-08",7.486914,
"USA","CPI","FOOD","AGRWTH","M","2008-09",7.596718,
"USA","CPI","FOOD","AGRWTH","M","2008-10",7.500991,
"USA","CPI","FOOD","AGRWTH","M","2008-11",7.004323,
"USA","CPI","FOOD","AGRWTH","M","2008-12",6.566508,
"USA","CPI","FOOD","AGRWTH","M","2009-01",5.654789,
"USA","CPI","FOOD","AGRWTH","M","2009-02",4.8289,
"USA","CPI","FOOD","AGRWTH","M","2009-03",4.278036,
"USA","CPI","FOOD","AGRWTH","M","2009-04",2.339092,
"USA","CPI","FOOD","AGRWTH","M","2009-05",1.52221,
"USA","CPI","FOOD","AGRWTH","M","2009-06",0.7754338,
"USA","CPI","FOOD","AGRWTH","M","2009-07",-0.9129457,
"USA","CPI","FOOD","AGRWTH","M","2009-08",-1.628011,
"USA","CPI","FOOD","AGRWTH","M","2009-09",-2.470852,
"USA","CPI","FOOD","AGRWTH","M","2009-10",-2.756533,
"USA","CPI","FOOD","AGRWTH","M","2009-11",-2.86189,
"USA","CPI","FOOD","AGRWTH","M","2009-12",-2.434574,
"USA","CPI","FOOD","AGRWTH","M","2010-01",-1.975026,
"USA","CPI","FOOD","AGRWTH","M","2010-02",-1.497786,
"USA","CPI","FOOD","AGRWTH","M","2010-03",-0.6849062,
"USA","CPI","FOOD","AGRWTH","M","2010-04",-0.02131771,
"USA","CPI","FOOD","AGRWTH","M","2010-05",0.3277728,
"USA","CPI","FOOD","AGRWTH","M","2010-06",0.2499721,
"USA","CPI","FOOD","AGRWTH","M","2010-07",0.6739471,
"USA","CPI","FOOD","AGRWTH","M","2010-08",0.7767099,
"USA","CPI","FOOD","AGRWTH","M","2010-09",1.375998,
"USA","CPI","FOOD","AGRWTH","M","2010-10",1.448,
"USA","CPI","FOOD","AGRWTH","M","2010-11",1.748929,
"USA","CPI","FOOD","AGRWTH","M","2010-12",1.685422,
"USA","CPI","FOOD","AGRWTH","M","2011-01",2.141093,
"USA","CPI","FOOD","AGRWTH","M","2011-02",2.846345,
"USA","CPI","FOOD","AGRWTH","M","2011-03",3.620671,
"USA","CPI","FOOD","AGRWTH","M","2011-04",3.938128,
"USA","CPI","FOOD","AGRWTH","M","2011-05",4.431562,
"USA","CPI","FOOD","AGRWTH","M","2011-06",4.748771,
"USA","CPI","FOOD","AGRWTH","M","2011-07",5.405192,
"USA","CPI","FOOD","AGRWTH","M","2011-08",6.022788,
"USA","CPI","FOOD","AGRWTH","M","2011-09",6.281429,
"USA","CPI","FOOD","AGRWTH","M","2011-10",6.228945,
"USA","CPI","FOOD","AGRWTH","M","2011-11",5.930599,
"USA","CPI","FOOD","AGRWTH","M","2011-12",6.004471,
"USA","CPI","FOOD","AGRWTH","M","2012-01",5.307796,
"USA","CPI","FOOD","AGRWTH","M","2012-02",4.492386,
"USA","CPI","FOOD","AGRWTH","M","2012-03",3.559504,
"USA","CPI","FOOD","AGRWTH","M","2012-04",3.334924,
"USA","CPI","FOOD","AGRWTH","M","2012-05",2.73434,
"USA","CPI","FOOD","AGRWTH","M","2012-06",2.627356,
"USA","CPI","FOOD","AGRWTH","M","2012-07",1.945868,
"USA","CPI","FOOD","AGRWTH","M","2012-08",1.468772,
"USA","CPI","FOOD","AGRWTH","M","2012-09",0.8165788,
"USA","CPI","FOOD","AGRWTH","M","2012-10",0.9817721,
"USA","CPI","FOOD","AGRWTH","M","2012-11",1.270817,
"USA","CPI","FOOD","AGRWTH","M","2012-12",1.26923,
"USA","CPI","FOOD","AGRWTH","M","2013-01",1.098863,
"USA","CPI","FOOD","AGRWTH","M","2013-02",1.234103,
"USA","CPI","FOOD","AGRWTH","M","2013-03",1.034648,
"USA","CPI","FOOD","AGRWTH","M","2013-04",1.023257,
"USA","CPI","FOOD","AGRWTH","M","2013-05",0.7705665,
"USA","CPI","FOOD","AGRWTH","M","2013-06",0.8569639,
"USA","CPI","FOOD","AGRWTH","M","2013-07",0.9878689,
"USA","CPI","FOOD","AGRWTH","M","2013-08",0.9887444,
"USA","CPI","FOOD","AGRWTH","M","2013-09",1.049155,
"USA","CPI","FOOD","AGRWTH","M","2013-10",0.8440307,
"USA","CPI","FOOD","AGRWTH","M","2013-11",0.5785747,
"USA","CPI","FOOD","AGRWTH","M","2013-12",0.3868597,
"USA","CPI","FOOD","AGRWTH","M","2014-01",0.4847539,
"USA","CPI","FOOD","AGRWTH","M","2014-02",0.8953139,
"USA","CPI","FOOD","AGRWTH","M","2014-03",1.382841,
"USA","CPI","FOOD","AGRWTH","M","2014-04",1.733165,
"USA","CPI","FOOD","AGRWTH","M","2014-05",2.681591,
"USA","CPI","FOOD","AGRWTH","M","2014-06",2.434752,
"USA","CPI","FOOD","AGRWTH","M","2014-07",2.680666,
"USA","CPI","FOOD","AGRWTH","M","2014-08",2.900297,
"USA","CPI","FOOD","AGRWTH","M","2014-09",3.249688,
"USA","CPI","FOOD","AGRWTH","M","2014-10",3.315793,
"USA","CPI","FOOD","AGRWTH","M","2014-11",3.416099,
"USA","CPI","FOOD","AGRWTH","M","2014-12",3.72,
"USA","CPI","FOOD","AGRWTH","M","2015-01",3.320652,
"USA","CPI","FOOD","AGRWTH","M","2015-02",2.896183,
"USA","CPI","FOOD","AGRWTH","M","2015-03",1.952216,
"USA","CPI","FOOD","AGRWTH","M","2015-04",1.346031,
"USA","CPI","FOOD","AGRWTH","M","2015-05",0.6255978,
"USA","CPI","FOOD","AGRWTH","M","2015-06",0.9843405,
"USA","CPI","FOOD","AGRWTH","M","2015-07",0.9084883,
"USA","CPI","FOOD","AGRWTH","M","2015-08",0.8399118,
"USA","CPI","FOOD","AGRWTH","M","2015-09",0.7624061,
"USA","CPI","FOOD","AGRWTH","M","2015-10",0.6747886,
"USA","CPI","FOOD","AGRWTH","M","2015-11",0.2690045,
"USA","CPI","FOOD","AGRWTH","M","2015-12",-0.4569996,
"USA","CPI","FOOD","AGRWTH","M","2016-01",-0.4595447,
"USA","CPI","FOOD","AGRWTH","M","2016-02",-0.3493071,
"USA","CPI","FOOD","AGRWTH","M","2016-03",-0.525394,
"USA","CPI","FOOD","AGRWTH","M","2016-04",-0.2838432,
"USA","CPI","FOOD","AGRWTH","M","2016-05",-0.6973609,
"USA","CPI","FOOD","AGRWTH","M","2016-06",-1.285464,
"USA","CPI","FOOD","AGRWTH","M","2016-07",-1.579405,
"USA","CPI","FOOD","AGRWTH","M","2016-08",-1.936409,
"USA","CPI","FOOD","AGRWTH","M","2016-09",-2.198857,
"USA","CPI","FOOD","AGRWTH","M","2016-10",-2.322437,
"USA","CPI","FOOD","AGRWTH","M","2016-11",-2.206095,
"USA","CPI","FOOD","AGRWTH","M","2016-12",-2.047537,
"USA","CPI","FOOD","AGRWTH","M","2017-01",-1.94035,
"USA","CPI","FOOD","AGRWTH","M","2017-02",-1.730448,
"USA","CPI","FOOD","AGRWTH","M","2017-03",-0.8754182,
"USA","CPI","FOOD","AGRWTH","M","2017-04",-0.764575,
"USA","CPI","FOOD","AGRWTH","M","2017-05",-0.1689717,
"USA","CPI","FOOD","AGRWTH","M","2017-06",-0.05295104,
"USA","CPI","FOOD","AGRWTH","M","2017-07",0.3170241,
"USA","CPI","FOOD","AGRWTH","M","2017-08",0.3230526,
"USA","CPI","FOOD","AGRWTH","M","2017-09",0.4251141,
"USA","CPI","FOOD","AGRWTH","M","2017-10",0.5929416,
"USA","CPI","FOOD","AGRWTH","M","2017-11",0.6256414,
"USA","CPI","FOOD","AGRWTH","M","2017-12",0.9008029,
"USA","CPI","FOOD","AGRWTH","M","2018-01",1.049946,
"USA","CPI","FOOD","AGRWTH","M","2018-02",0.5375129,
"USA","CPI","FOOD","AGRWTH","M","2018-03",0.3846607,
"USA","CPI","FOOD","AGRWTH","M","2018-04",0.5560668,
"USA","CPI","FOOD","AGRWTH","M","2018-05",0.1447985,
"USA","CPI","FOOD","AGRWTH","M","2018-06",0.3698726,
"USA","CPI","FOOD","AGRWTH","M","2018-07",0.3678773,
"USA","CPI","FOOD","AGRWTH","M","2018-08",0.4923167,
"USA","CPI","FOOD","AGRWTH","M","2018-09",0.4252698,
"USA","CPI","FOOD","AGRWTH","M","2018-10",0.1463857,
"USA","CPI","FOOD","AGRWTH","M","2018-11",0.4010984,
"USA","CPI","FOOD","AGRWTH","M","2018-12",0.5958272,
"USA","CPI","FOOD","AGRWTH","M","2019-01",0.6520786,
"USA","CPI","FOOD","AGRWTH","M","2019-02",1.213934,
"USA","CPI","FOOD","AGRWTH","M","2019-03",1.43304,
"USA","CPI","FOOD","AGRWTH","M","2019-04",0.73213,
"USA","CPI","FOOD","AGRWTH","M","2019-05",1.203607,
"USA","CPI","FOOD","AGRWTH","M","2019-06",0.9403347,
"USA","CPI","FOOD","AGRWTH","M","2019-07",0.649224,
"USA","CPI","FOOD","AGRWTH","M","2019-08",0.4752954,
"USA","CPI","FOOD","AGRWTH","M","2019-09",0.587989,
"USA","CPI","FOOD","AGRWTH","M","2019-10",1.024177,
"USA","CPI","FOOD","AGRWTH","M","2019-11",0.992391,
"USA","CPI","FOOD","AGRWTH","M","2019-12",0.7218634,
"USA","CPI","FOOD","AGRWTH","M","2020-01",0.7185466,
"USA","CPI","FOOD","AGRWTH","M","2020-02",0.8188964,
"USA","CPI","FOOD","AGRWTH","M","2020-03",1.072606,
"USA","CPI","FOOD","AGRWTH","M","2020-04",4.071869,
"USA","CPI","FOOD","AGRWTH","M","2020-05",4.828605,
"USA","CPI","FOOD","AGRWTH","M","2020-06",5.667887,
"USA","CPI","FOOD","AGRWTH","M","2020-07",4.643099,
"USA","CPI","FOOD","AGRWTH","M","2020-08",4.645166,
"USA","CPI","FOOD","AGRWTH","M","2020-09",4.08025,
"USA","CPI","FOOD","AGRWTH","M","2020-10",3.968361,
"USA","CPI","FOOD","AGRWTH","M","2020-11",3.609459,
"USA","CPI","FOOD","AGRWTH","M","2020-12",3.948081,
"USA","CPI","FOOD","AGRWTH","M","2021-01",3.696902,
"USA","CPI","FOOD","AGRWTH","M","2021-02",3.555487,
"USA","CPI","FOOD","AGRWTH","M","2021-03",3.294272,
"USA","CPI","FOOD","AGRWTH","M","2021-04",1.22308,
"USA","CPI","FOOD","AGRWTH","M","2021-05",0.6777601,
"USA","CPI","FOOD","AGRWTH","M","2021-06",0.9356757,
"USA","CPI","FOOD","AGRWTH","M","2021-07",2.569324,
"USA","CPI","FOOD","AGRWTH","M","2021-08",2.980927,
"USA","CPI","FOOD","AGRWTH","M","2021-09",4.516333,
"USA","CPI","FOOD","AGRWTH","M","2021-10",5.382061,
"USA","CPI","FOOD","AGRWTH","M","2021-11",6.385879,
"USA","CPI","FOOD","AGRWTH","M","2021-12",6.500177,
"USA","CPI","FOOD","AGRWTH","M","2022-01",7.348101,
"USA","CPI","FOOD","AGRWTH","M","2022-02",8.627005,
"USA","CPI","FOOD","AGRWTH","M","2022-03",10.01809,
"USA","CPI","FOOD","AGRWTH","M","2022-04",10.84535,
"USA","CPI","FOOD","AGRWTH","M","2022-05",12.01785,
"USA","CPI","FOOD","AGRWTH","M","2022-06",12.23261,
"USA","CPI","FOOD","AGRWTH","M","2022-07",13.14925,
"USA","CPI","FOOD","AGRWTH","M","2022-08",13.53321,
"USA","CPI","FOOD","AGRWTH","M","2022-09",12.92705,
"USA","CPI","FOOD","AGRWTH","M","2022-10",12.43914,
"USA","CPI","FOOD","AGRWTH","M","2022-11",11.95687,
"USA","CPI","FOOD","AGRWTH","M","2022-12",11.88275,
"USA","CPI","FOOD","AGRWTH","M","2023-01",11.35728,
"USA","CPI","FOOD","AGRWTH","M","2023-02",10.14978,
"USA","CPI","FOOD","AGRWTH","M","2023-03",8.325572,
"USA","CPI","FOOD","AGRWTH","M","2023-04",7.009775,
"USA","CPI","FOOD","AGRWTH","M","2023-05",5.64719,
"USA","CPI","FOOD","AGRWTH","M","2023-06",4.581234,
"USA","CPI","FOOD","AGRWTH","M","2023-07",3.485868,
"USA","CPI","FOOD","AGRWTH","M","2023-08",2.893452,
"USA","CPI","FOOD","AGRWTH","M","2023-09",2.376901,
"OECD","CPI","FOOD","AGRWTH","M","1971-01",2.71013,
"OECD","CPI","FOOD","AGRWTH","M","1971-02",2.707327,
"OECD","CPI","FOOD","AGRWTH","M","1971-03",3.107823,
"OECD","CPI","FOOD","AGRWTH","M","1971-04",3.761294,
"OECD","CPI","FOOD","AGRWTH","M","1971-05",3.678589,
"OECD","CPI","FOOD","AGRWTH","M","1971-06",4.248486,
"OECD","CPI","FOOD","AGRWTH","M","1971-07",4.024174,
"OECD","CPI","FOOD","AGRWTH","M","1971-08",4.349327,
"OECD","CPI","FOOD","AGRWTH","M","1971-09",5.091293,
"OECD","CPI","FOOD","AGRWTH","M","1971-10",5.185091,
"OECD","CPI","FOOD","AGRWTH","M","1971-11",5.322785,
"OECD","CPI","FOOD","AGRWTH","M","1971-12",5.759018,
"OECD","CPI","FOOD","AGRWTH","M","1972-01",5.338355,
"OECD","CPI","FOOD","AGRWTH","M","1972-02",5.998883,
"OECD","CPI","FOOD","AGRWTH","M","1972-03",5.799465,
"OECD","CPI","FOOD","AGRWTH","M","1972-04",4.970711,
"OECD","CPI","FOOD","AGRWTH","M","1972-05",4.981843,
"OECD","CPI","FOOD","AGRWTH","M","1972-06",4.929368,
"OECD","CPI","FOOD","AGRWTH","M","1972-07",5.341647,
"OECD","CPI","FOOD","AGRWTH","M","1972-08",5.956718,
"OECD","CPI","FOOD","AGRWTH","M","1972-09",6.096344,
"OECD","CPI","FOOD","AGRWTH","M","1972-10",6.389154,
"OECD","CPI","FOOD","AGRWTH","M","1972-11",6.804594,
"OECD","CPI","FOOD","AGRWTH","M","1972-12",6.611916,
"OECD","CPI","FOOD","AGRWTH","M","1973-01",8.221897,
"OECD","CPI","FOOD","AGRWTH","M","1973-02",8.576284,
"OECD","CPI","FOOD","AGRWTH","M","1973-03",10.30942,
"OECD","CPI","FOOD","AGRWTH","M","1973-04",12.10716,
"OECD","CPI","FOOD","AGRWTH","M","1973-05",13.11859,
"OECD","CPI","FOOD","AGRWTH","M","1973-06",13.45957,
"OECD","CPI","FOOD","AGRWTH","M","1973-07",13.60003,
"OECD","CPI","FOOD","AGRWTH","M","1973-08",16.67615,
"OECD","CPI","FOOD","AGRWTH","M","1973-09",16.06665,
"OECD","CPI","FOOD","AGRWTH","M","1973-10",16.11842,
"OECD","CPI","FOOD","AGRWTH","M","1973-11",16.78482,
"OECD","CPI","FOOD","AGRWTH","M","1973-12",17.59037,
"OECD","CPI","FOOD","AGRWTH","M","1974-01",18.54642,
"OECD","CPI","FOOD","AGRWTH","M","1974-02",19.5505,
"OECD","CPI","FOOD","AGRWTH","M","1974-03",18.19637,
"OECD","CPI","FOOD","AGRWTH","M","1974-04",17.08651,
"OECD","CPI","FOOD","AGRWTH","M","1974-05",16.29929,
"OECD","CPI","FOOD","AGRWTH","M","1974-06",15.59989,
"OECD","CPI","FOOD","AGRWTH","M","1974-07",15.4871,
"OECD","CPI","FOOD","AGRWTH","M","1974-08",13.31693,
"OECD","CPI","FOOD","AGRWTH","M","1974-09",14.72065,
"OECD","CPI","FOOD","AGRWTH","M","1974-10",15.54097,
"OECD","CPI","FOOD","AGRWTH","M","1974-11",15.85348,
"OECD","CPI","FOOD","AGRWTH","M","1974-12",15.18445,
"OECD","CPI","FOOD","AGRWTH","M","1975-01",13.44091,
"OECD","CPI","FOOD","AGRWTH","M","1975-02",11.78205,
"OECD","CPI","FOOD","AGRWTH","M","1975-03",11.499,
"OECD","CPI","FOOD","AGRWTH","M","1975-04",11.49039,
"OECD","CPI","FOOD","AGRWTH","M","1975-05",11.86063,
"OECD","CPI","FOOD","AGRWTH","M","1975-06",12.85908,
"OECD","CPI","FOOD","AGRWTH","M","1975-07",13.64946,
"OECD","CPI","FOOD","AGRWTH","M","1975-08",12.04822,
"OECD","CPI","FOOD","AGRWTH","M","1975-09",11.25376,
"OECD","CPI","FOOD","AGRWTH","M","1975-10",11.13564,
"OECD","CPI","FOOD","AGRWTH","M","1975-11",10.10108,
"OECD","CPI","FOOD","AGRWTH","M","1975-12",9.758677,
"OECD","CPI","FOOD","AGRWTH","M","1976-01",9.842902,
"OECD","CPI","FOOD","AGRWTH","M","1976-02",9.732474,
"OECD","CPI","FOOD","AGRWTH","M","1976-03",9.180486,
"OECD","CPI","FOOD","AGRWTH","M","1976-04",9.357977,
"OECD","CPI","FOOD","AGRWTH","M","1976-05",9.064411,
"OECD","CPI","FOOD","AGRWTH","M","1976-06",7.713926,
"OECD","CPI","FOOD","AGRWTH","M","1976-07",6.46966,
"OECD","CPI","FOOD","AGRWTH","M","1976-08",6.86608,
"OECD","CPI","FOOD","AGRWTH","M","1976-09",7.21772,
"OECD","CPI","FOOD","AGRWTH","M","1976-10",7.203774,
"OECD","CPI","FOOD","AGRWTH","M","1976-11",7.11769,
"OECD","CPI","FOOD","AGRWTH","M","1976-12",7.447327,
"OECD","CPI","FOOD","AGRWTH","M","1977-01",7.583257,
"OECD","CPI","FOOD","AGRWTH","M","1977-02",8.768756,
"OECD","CPI","FOOD","AGRWTH","M","1977-03",9.555021,
"OECD","CPI","FOOD","AGRWTH","M","1977-04",9.785153,
"OECD","CPI","FOOD","AGRWTH","M","1977-05",9.986966,
"OECD","CPI","FOOD","AGRWTH","M","1977-06",11.0637,
"OECD","CPI","FOOD","AGRWTH","M","1977-07",11.36837,
"OECD","CPI","FOOD","AGRWTH","M","1977-08",11.81287,
"OECD","CPI","FOOD","AGRWTH","M","1977-09",11.5321,
"OECD","CPI","FOOD","AGRWTH","M","1977-10",10.73859,
"OECD","CPI","FOOD","AGRWTH","M","1977-11",10.69401,
"OECD","CPI","FOOD","AGRWTH","M","1977-12",10.15892,
"OECD","CPI","FOOD","AGRWTH","M","1978-01",10.10964,
"OECD","CPI","FOOD","AGRWTH","M","1978-02",9.438824,
"OECD","CPI","FOOD","AGRWTH","M","1978-03",9.581709,
"OECD","CPI","FOOD","AGRWTH","M","1978-04",9.910338,
"OECD","CPI","FOOD","AGRWTH","M","1978-05",10.34953,
"OECD","CPI","FOOD","AGRWTH","M","1978-06",10.35145,
"OECD","CPI","FOOD","AGRWTH","M","1978-07",10.77451,
"OECD","CPI","FOOD","AGRWTH","M","1978-08",10.12729,
"OECD","CPI","FOOD","AGRWTH","M","1978-09",9.523773,
"OECD","CPI","FOOD","AGRWTH","M","1978-10",9.820745,
"OECD","CPI","FOOD","AGRWTH","M","1978-11",9.67544,
"OECD","CPI","FOOD","AGRWTH","M","1978-12",9.876429,
"OECD","CPI","FOOD","AGRWTH","M","1979-01",10.68815,
"OECD","CPI","FOOD","AGRWTH","M","1979-02",10.81315,
"OECD","CPI","FOOD","AGRWTH","M","1979-03",10.85985,
"OECD","CPI","FOOD","AGRWTH","M","1979-04",10.35767,
"OECD","CPI","FOOD","AGRWTH","M","1979-05",10.08432,
"OECD","CPI","FOOD","AGRWTH","M","1979-06",9.557272,
"OECD","CPI","FOOD","AGRWTH","M","1979-07",9.645121,
"OECD","CPI","FOOD","AGRWTH","M","1979-08",9.13851,
"OECD","CPI","FOOD","AGRWTH","M","1979-09",9.703965,
"OECD","CPI","FOOD","AGRWTH","M","1979-10",10.27407,
"OECD","CPI","FOOD","AGRWTH","M","1979-11",10.41668,
"OECD","CPI","FOOD","AGRWTH","M","1979-12",11.24436,
"OECD","CPI","FOOD","AGRWTH","M","1980-01",10.84973,
"OECD","CPI","FOOD","AGRWTH","M","1980-02",10.85138,
"OECD","CPI","FOOD","AGRWTH","M","1980-03",10.8304,
"OECD","CPI","FOOD","AGRWTH","M","1980-04",10.53083,
"OECD","CPI","FOOD","AGRWTH","M","1980-05",10.49378,
"OECD","CPI","FOOD","AGRWTH","M","1980-06",10.67506,
"OECD","CPI","FOOD","AGRWTH","M","1980-07",10.77451,
"OECD","CPI","FOOD","AGRWTH","M","1980-08",12.37082,
"OECD","CPI","FOOD","AGRWTH","M","1980-09",12.83247,
"OECD","CPI","FOOD","AGRWTH","M","1980-10",12.21729,
"OECD","CPI","FOOD","AGRWTH","M","1980-11",12.97111,
"OECD","CPI","FOOD","AGRWTH","M","1980-12",12.4253,
"OECD","CPI","FOOD","AGRWTH","M","1981-01",12.40686,
"OECD","CPI","FOOD","AGRWTH","M","1981-02",11.95706,
"OECD","CPI","FOOD","AGRWTH","M","1981-03",11.75635,
"OECD","CPI","FOOD","AGRWTH","M","1981-04",11.53357,
"OECD","CPI","FOOD","AGRWTH","M","1981-05",10.89796,
"OECD","CPI","FOOD","AGRWTH","M","1981-06",10.91812,
"OECD","CPI","FOOD","AGRWTH","M","1981-07",10.86247,
"OECD","CPI","FOOD","AGRWTH","M","1981-08",9.827163,
"OECD","CPI","FOOD","AGRWTH","M","1981-09",9.544448,
"OECD","CPI","FOOD","AGRWTH","M","1981-10",9.406706,
"OECD","CPI","FOOD","AGRWTH","M","1981-11",8.699824,
"OECD","CPI","FOOD","AGRWTH","M","1981-12",8.519421,
"OECD","CPI","FOOD","AGRWTH","M","1982-01",8.366811,
"OECD","CPI","FOOD","AGRWTH","M","1982-02",8.594064,
"OECD","CPI","FOOD","AGRWTH","M","1982-03",8.150652,
"OECD","CPI","FOOD","AGRWTH","M","1982-04",8.546549,
"OECD","CPI","FOOD","AGRWTH","M","1982-05",9.318488,
"OECD","CPI","FOOD","AGRWTH","M","1982-06",9.785077,
"OECD","CPI","FOOD","AGRWTH","M","1982-07",9.072884,
"OECD","CPI","FOOD","AGRWTH","M","1982-08",9.623016,
"OECD","CPI","FOOD","AGRWTH","M","1982-09",9.417233,
"OECD","CPI","FOOD","AGRWTH","M","1982-10",9.623488,
"OECD","CPI","FOOD","AGRWTH","M","1982-11",9.530591,
"OECD","CPI","FOOD","AGRWTH","M","1982-12",9.674235,
"OECD","CPI","FOOD","AGRWTH","M","1983-01",9.398565,
"OECD","CPI","FOOD","AGRWTH","M","1983-02",8.972706,
"OECD","CPI","FOOD","AGRWTH","M","1983-03",9.438871,
"OECD","CPI","FOOD","AGRWTH","M","1983-04",9.54587,
"OECD","CPI","FOOD","AGRWTH","M","1983-05",9.230101,
"OECD","CPI","FOOD","AGRWTH","M","1983-06",8.137276,
"OECD","CPI","FOOD","AGRWTH","M","1983-07",8.140456,
"OECD","CPI","FOOD","AGRWTH","M","1983-08",7.880116,
"OECD","CPI","FOOD","AGRWTH","M","1983-09",7.786287,
"OECD","CPI","FOOD","AGRWTH","M","1983-10",8.036,
"OECD","CPI","FOOD","AGRWTH","M","1983-11",8.293834,
"OECD","CPI","FOOD","AGRWTH","M","1983-12",8.535387,
"OECD","CPI","FOOD","AGRWTH","M","1984-01",9.48789,
"OECD","CPI","FOOD","AGRWTH","M","1984-02",10.36564,
"OECD","CPI","FOOD","AGRWTH","M","1984-03",10.19699,
"OECD","CPI","FOOD","AGRWTH","M","1984-04",9.650492,
"OECD","CPI","FOOD","AGRWTH","M","1984-05",9.101928,
"OECD","CPI","FOOD","AGRWTH","M","1984-06",9.577047,
"OECD","CPI","FOOD","AGRWTH","M","1984-07",9.853657,
"OECD","CPI","FOOD","AGRWTH","M","1984-08",9.646848,
"OECD","CPI","FOOD","AGRWTH","M","1984-09",9.148808,
"OECD","CPI","FOOD","AGRWTH","M","1984-10",8.79672,
"OECD","CPI","FOOD","AGRWTH","M","1984-11",8.61463,
"OECD","CPI","FOOD","AGRWTH","M","1984-12",8.330218,
"OECD","CPI","FOOD","AGRWTH","M","1985-01",7.67403,
"OECD","CPI","FOOD","AGRWTH","M","1985-02",7.119801,
"OECD","CPI","FOOD","AGRWTH","M","1985-03",6.96786,
"OECD","CPI","FOOD","AGRWTH","M","1985-04",6.949246,
"OECD","CPI","FOOD","AGRWTH","M","1985-05",6.818275,
"OECD","CPI","FOOD","AGRWTH","M","1985-06",6.242265,
"OECD","CPI","FOOD","AGRWTH","M","1985-07",5.782214,
"OECD","CPI","FOOD","AGRWTH","M","1985-08",5.535276,
"OECD","CPI","FOOD","AGRWTH","M","1985-09",5.825027,
"OECD","CPI","FOOD","AGRWTH","M","1985-10",5.963429,
"OECD","CPI","FOOD","AGRWTH","M","1985-11",6.039247,
"OECD","CPI","FOOD","AGRWTH","M","1985-12",6.309361,
"OECD","CPI","FOOD","AGRWTH","M","1986-01",6.569175,
"OECD","CPI","FOOD","AGRWTH","M","1986-02",5.725156,
"OECD","CPI","FOOD","AGRWTH","M","1986-03",5.289158,
"OECD","CPI","FOOD","AGRWTH","M","1986-04",5.298856,
"OECD","CPI","FOOD","AGRWTH","M","1986-05",6.108027,
"OECD","CPI","FOOD","AGRWTH","M","1986-06",6.712445,
"OECD","CPI","FOOD","AGRWTH","M","1986-07",7.245871,
"OECD","CPI","FOOD","AGRWTH","M","1986-08",7.872227,
"OECD","CPI","FOOD","AGRWTH","M","1986-09",8.194623,
"OECD","CPI","FOOD","AGRWTH","M","1986-10",8.134557,
"OECD","CPI","FOOD","AGRWTH","M","1986-11",8.345144,
"OECD","CPI","FOOD","AGRWTH","M","1986-12",8.163589,
"OECD","CPI","FOOD","AGRWTH","M","1987-01",7.666582,
"OECD","CPI","FOOD","AGRWTH","M","1987-02",8.234527,
"OECD","CPI","FOOD","AGRWTH","M","1987-03",8.69148,
"OECD","CPI","FOOD","AGRWTH","M","1987-04",8.985455,
"OECD","CPI","FOOD","AGRWTH","M","1987-05",9.401055,
"OECD","CPI","FOOD","AGRWTH","M","1987-06",9.329718,
"OECD","CPI","FOOD","AGRWTH","M","1987-07",8.559398,
"OECD","CPI","FOOD","AGRWTH","M","1987-08",8.491519,
"OECD","CPI","FOOD","AGRWTH","M","1987-09",8.721626,
"OECD","CPI","FOOD","AGRWTH","M","1987-10",9.09427,
"OECD","CPI","FOOD","AGRWTH","M","1987-11",8.85524,
"OECD","CPI","FOOD","AGRWTH","M","1987-12",9.64311,
"OECD","CPI","FOOD","AGRWTH","M","1988-01",10.10018,
"OECD","CPI","FOOD","AGRWTH","M","1988-02",9.885876,
"OECD","CPI","FOOD","AGRWTH","M","1988-03",9.902377,
"OECD","CPI","FOOD","AGRWTH","M","1988-04",9.812113,
"OECD","CPI","FOOD","AGRWTH","M","1988-05",8.912832,
"OECD","CPI","FOOD","AGRWTH","M","1988-06",8.972823,
"OECD","CPI","FOOD","AGRWTH","M","1988-07",9.655026,
"OECD","CPI","FOOD","AGRWTH","M","1988-08",9.619275,
"OECD","CPI","FOOD","AGRWTH","M","1988-09",9.499878,
"OECD","CPI","FOOD","AGRWTH","M","1988-10",8.953327,
"OECD","CPI","FOOD","AGRWTH","M","1988-11",8.952783,
"OECD","CPI","FOOD","AGRWTH","M","1988-12",7.790189,
"OECD","CPI","FOOD","AGRWTH","M","1989-01",7.352177,
"OECD","CPI","FOOD","AGRWTH","M","1989-02",7.335449,
"OECD","CPI","FOOD","AGRWTH","M","1989-03",7.278872,
"OECD","CPI","FOOD","AGRWTH","M","1989-04",7.594882,
"OECD","CPI","FOOD","AGRWTH","M","1989-05",7.950137,
"OECD","CPI","FOOD","AGRWTH","M","1989-06",7.695438,
"OECD","CPI","FOOD","AGRWTH","M","1989-07",7.297138,
"OECD","CPI","FOOD","AGRWTH","M","1989-08",6.848515,
"OECD","CPI","FOOD","AGRWTH","M","1989-09",6.720094,
"OECD","CPI","FOOD","AGRWTH","M","1989-10",7.091582,
"OECD","CPI","FOOD","AGRWTH","M","1989-11",6.898985,
"OECD","CPI","FOOD","AGRWTH","M","1989-12",7.036596,
"OECD","CPI","FOOD","AGRWTH","M","1990-01",8.206792,
"OECD","CPI","FOOD","AGRWTH","M","1990-02",8.774058,
"OECD","CPI","FOOD","AGRWTH","M","1990-03",8.451941,
"OECD","CPI","FOOD","AGRWTH","M","1990-04",7.697928,
"OECD","CPI","FOOD","AGRWTH","M","1990-05",7.353294,
"OECD","CPI","FOOD","AGRWTH","M","1990-06",7.335339,
"OECD","CPI","FOOD","AGRWTH","M","1990-07",7.15143,
"OECD","CPI","FOOD","AGRWTH","M","1990-08",7.421315,
"OECD","CPI","FOOD","AGRWTH","M","1990-09",7.271424,
"OECD","CPI","FOOD","AGRWTH","M","1990-10",7.307195,
"OECD","CPI","FOOD","AGRWTH","M","1990-11",7.506728,
"OECD","CPI","FOOD","AGRWTH","M","1990-12",7.106966,
"OECD","CPI","FOOD","AGRWTH","M","1991-01",6.284918,
"OECD","CPI","FOOD","AGRWTH","M","1991-02",5.405405,
"OECD","CPI","FOOD","AGRWTH","M","1991-03",5.702795,
"OECD","CPI","FOOD","AGRWTH","M","1991-04",6.187102,
"OECD","CPI","FOOD","AGRWTH","M","1991-05",5.977117,
"OECD","CPI","FOOD","AGRWTH","M","1991-06",6.201439,
"OECD","CPI","FOOD","AGRWTH","M","1991-07",5.649259,
"OECD","CPI","FOOD","AGRWTH","M","1991-08",5.110058,
"OECD","CPI","FOOD","AGRWTH","M","1991-09",4.523581,
"OECD","CPI","FOOD","AGRWTH","M","1991-10",4.287035,
"OECD","CPI","FOOD","AGRWTH","M","1991-11",4.924359,
"OECD","CPI","FOOD","AGRWTH","M","1991-12",4.79513,
"OECD","CPI","FOOD","AGRWTH","M","1992-01",4.105095,
"OECD","CPI","FOOD","AGRWTH","M","1992-02",4.320564,
"OECD","CPI","FOOD","AGRWTH","M","1992-03",4.344767,
"OECD","CPI","FOOD","AGRWTH","M","1992-04",3.853463,
"OECD","CPI","FOOD","AGRWTH","M","1992-05",3.262313,
"OECD","CPI","FOOD","AGRWTH","M","1992-06",2.605431,
"OECD","CPI","FOOD","AGRWTH","M","1992-07",2.27893,
"OECD","CPI","FOOD","AGRWTH","M","1992-08",2.792939,
"OECD","CPI","FOOD","AGRWTH","M","1992-09",3.260695,
"OECD","CPI","FOOD","AGRWTH","M","1992-10",2.871767,
"OECD","CPI","FOOD","AGRWTH","M","1992-11",1.969521,
"OECD","CPI","FOOD","AGRWTH","M","1992-12",2.244997,
"OECD","CPI","FOOD","AGRWTH","M","1993-01",2.592257,
"OECD","CPI","FOOD","AGRWTH","M","1993-02",2.429813,
"OECD","CPI","FOOD","AGRWTH","M","1993-03",2.238843,
"OECD","CPI","FOOD","AGRWTH","M","1993-04",2.203676,
"OECD","CPI","FOOD","AGRWTH","M","1993-05",3.105413,
"OECD","CPI","FOOD","AGRWTH","M","1993-06",2.830012,
"OECD","CPI","FOOD","AGRWTH","M","1993-07",3.819038,
"OECD","CPI","FOOD","AGRWTH","M","1993-08",3.608721,
"OECD","CPI","FOOD","AGRWTH","M","1993-09",3.370461,
"OECD","CPI","FOOD","AGRWTH","M","1993-10",3.533475,
"OECD","CPI","FOOD","AGRWTH","M","1993-11",3.820443,
"OECD","CPI","FOOD","AGRWTH","M","1993-12",4.2718,
"OECD","CPI","FOOD","AGRWTH","M","1994-01",3.956387,
"OECD","CPI","FOOD","AGRWTH","M","1994-02",3.808754,
"OECD","CPI","FOOD","AGRWTH","M","1994-03",3.885835,
"OECD","CPI","FOOD","AGRWTH","M","1994-04",4.315374,
"OECD","CPI","FOOD","AGRWTH","M","1994-05",4.26259,
"OECD","CPI","FOOD","AGRWTH","M","1994-06",4.636648,
"OECD","CPI","FOOD","AGRWTH","M","1994-07",4.67948,
"OECD","CPI","FOOD","AGRWTH","M","1994-08",4.89444,
"OECD","CPI","FOOD","AGRWTH","M","1994-09",5.062743,
"OECD","CPI","FOOD","AGRWTH","M","1994-10",5.376742,
"OECD","CPI","FOOD","AGRWTH","M","1994-11",5.579893,
"OECD","CPI","FOOD","AGRWTH","M","1994-12",5.801335,
"OECD","CPI","FOOD","AGRWTH","M","1995-01",6.0226,
"OECD","CPI","FOOD","AGRWTH","M","1995-02",6.420923,
"OECD","CPI","FOOD","AGRWTH","M","1995-03",6.187273,
"OECD","CPI","FOOD","AGRWTH","M","1995-04",6.460787,
"OECD","CPI","FOOD","AGRWTH","M","1995-05",6.471887,
"OECD","CPI","FOOD","AGRWTH","M","1995-06",6.641118,
"OECD","CPI","FOOD","AGRWTH","M","1995-07",6.225708,
"OECD","CPI","FOOD","AGRWTH","M","1995-08",6.010329,
"OECD","CPI","FOOD","AGRWTH","M","1995-09",6.305309,
"OECD","CPI","FOOD","AGRWTH","M","1995-10",5.89257,
"OECD","CPI","FOOD","AGRWTH","M","1995-11",5.763863,
"OECD","CPI","FOOD","AGRWTH","M","1995-12",5.563788,
"OECD","CPI","FOOD","AGRWTH","M","1996-01",5.546574,
"OECD","CPI","FOOD","AGRWTH","M","1996-02",5.38104,
"OECD","CPI","FOOD","AGRWTH","M","1996-03",6.006545,
"OECD","CPI","FOOD","AGRWTH","M","1996-04",5.962653,
"OECD","CPI","FOOD","AGRWTH","M","1996-05",5.779899,
"OECD","CPI","FOOD","AGRWTH","M","1996-06",5.860308,
"OECD","CPI","FOOD","AGRWTH","M","1996-07",6.067859,
"OECD","CPI","FOOD","AGRWTH","M","1996-08",6.002472,
"OECD","CPI","FOOD","AGRWTH","M","1996-09",5.659113,
"OECD","CPI","FOOD","AGRWTH","M","1996-10",5.893334,
"OECD","CPI","FOOD","AGRWTH","M","1996-11",5.91163,
"OECD","CPI","FOOD","AGRWTH","M","1996-12",5.657307,
"OECD","CPI","FOOD","AGRWTH","M","1997-01",5.284987,
"OECD","CPI","FOOD","AGRWTH","M","1997-02",5.131257,
"OECD","CPI","FOOD","AGRWTH","M","1997-03",4.353306,
"OECD","CPI","FOOD","AGRWTH","M","1997-04",4.158964,
"OECD","CPI","FOOD","AGRWTH","M","1997-05",4.30157,
"OECD","CPI","FOOD","AGRWTH","M","1997-06",4.424942,
"OECD","CPI","FOOD","AGRWTH","M","1997-07",4.286593,
"OECD","CPI","FOOD","AGRWTH","M","1997-08",4.573008,
"OECD","CPI","FOOD","AGRWTH","M","1997-09",4.528201,
"OECD","CPI","FOOD","AGRWTH","M","1997-10",4.641902,
"OECD","CPI","FOOD","AGRWTH","M","1997-11",4.662056,
"OECD","CPI","FOOD","AGRWTH","M","1997-12",4.528915,
"OECD","CPI","FOOD","AGRWTH","M","1998-01",5.040234,
"OECD","CPI","FOOD","AGRWTH","M","1998-02",4.941439,
"OECD","CPI","FOOD","AGRWTH","M","1998-03",5.265373,
"OECD","CPI","FOOD","AGRWTH","M","1998-04",4.874932,
"OECD","CPI","FOOD","AGRWTH","M","1998-05",5.166151,
"OECD","CPI","FOOD","AGRWTH","M","1998-06",4.79819,
"OECD","CPI","FOOD","AGRWTH","M","1998-07",4.640511,
"OECD","CPI","FOOD","AGRWTH","M","1998-08",4.263635,
"OECD","CPI","FOOD","AGRWTH","M","1998-09",4.32277,
"OECD","CPI","FOOD","AGRWTH","M","1998-10",4.689179,
"OECD","CPI","FOOD","AGRWTH","M","1998-11",4.699596,
"OECD","CPI","FOOD","AGRWTH","M","1998-12",4.487697,
"OECD","CPI","FOOD","AGRWTH","M","1999-01",4.127868,
"OECD","CPI","FOOD","AGRWTH","M","1999-02",3.964996,
"OECD","CPI","FOOD","AGRWTH","M","1999-03",3.496921,
"OECD","CPI","FOOD","AGRWTH","M","1999-04",3.399815,
"OECD","CPI","FOOD","AGRWTH","M","1999-05",2.834327,
"OECD","CPI","FOOD","AGRWTH","M","1999-06",2.57334,
"OECD","CPI","FOOD","AGRWTH","M","1999-07",2.375005,
"OECD","CPI","FOOD","AGRWTH","M","1999-08",2.4419,
"OECD","CPI","FOOD","AGRWTH","M","1999-09",2.342001,
"OECD","CPI","FOOD","AGRWTH","M","1999-10",1.859341,
"OECD","CPI","FOOD","AGRWTH","M","1999-11",1.609604,
"OECD","CPI","FOOD","AGRWTH","M","1999-12",1.714808,
"OECD","CPI","FOOD","AGRWTH","M","2000-01",1.369198,
"OECD","CPI","FOOD","AGRWTH","M","2000-02",1.710603,
"OECD","CPI","FOOD","AGRWTH","M","2000-03",1.907895,
"OECD","CPI","FOOD","AGRWTH","M","2000-04",1.803175,
"OECD","CPI","FOOD","AGRWTH","M","2000-05",2.095832,
"OECD","CPI","FOOD","AGRWTH","M","2000-06",2.414606,
"OECD","CPI","FOOD","AGRWTH","M","2000-07",3.032849,
"OECD","CPI","FOOD","AGRWTH","M","2000-08",2.967762,
"OECD","CPI","FOOD","AGRWTH","M","2000-09",2.957464,
"OECD","CPI","FOOD","AGRWTH","M","2000-10",2.700522,
"OECD","CPI","FOOD","AGRWTH","M","2000-11",2.774159,
"OECD","CPI","FOOD","AGRWTH","M","2000-12",3.23091,
"OECD","CPI","FOOD","AGRWTH","M","2001-01",3.571797,
"OECD","CPI","FOOD","AGRWTH","M","2001-02",3.555062,
"OECD","CPI","FOOD","AGRWTH","M","2001-03",4.008237,
"OECD","CPI","FOOD","AGRWTH","M","2001-04",4.501567,
"OECD","CPI","FOOD","AGRWTH","M","2001-05",4.978938,
"OECD","CPI","FOOD","AGRWTH","M","2001-06",5.253287,
"OECD","CPI","FOOD","AGRWTH","M","2001-07",4.867227,
"OECD","CPI","FOOD","AGRWTH","M","2001-08",4.809677,
"OECD","CPI","FOOD","AGRWTH","M","2001-09",4.724001,
"OECD","CPI","FOOD","AGRWTH","M","2001-10",5.240664,
"OECD","CPI","FOOD","AGRWTH","M","2001-11",4.947986,
"OECD","CPI","FOOD","AGRWTH","M","2001-12",4.684274,
"OECD","CPI","FOOD","AGRWTH","M","2002-01",5.198623,
"OECD","CPI","FOOD","AGRWTH","M","2002-02",4.740355,
"OECD","CPI","FOOD","AGRWTH","M","2002-03",4.240294,
"OECD","CPI","FOOD","AGRWTH","M","2002-04",3.763842,
"OECD","CPI","FOOD","AGRWTH","M","2002-05",2.762542,
"OECD","CPI","FOOD","AGRWTH","M","2002-06",2.20882,
"OECD","CPI","FOOD","AGRWTH","M","2002-07",2.135091,
"OECD","CPI","FOOD","AGRWTH","M","2002-08",2.027286,
"OECD","CPI","FOOD","AGRWTH","M","2002-09",2.138636,
"OECD","CPI","FOOD","AGRWTH","M","2002-10",1.431501,
"OECD","CPI","FOOD","AGRWTH","M","2002-11",1.960909,
"OECD","CPI","FOOD","AGRWTH","M","2002-12",1.862309,
"OECD","CPI","FOOD","AGRWTH","M","2003-01",1.019081,
"OECD","CPI","FOOD","AGRWTH","M","2003-02",1.565166,
"OECD","CPI","FOOD","AGRWTH","M","2003-03",1.87472,
"OECD","CPI","FOOD","AGRWTH","M","2003-04",1.730795,
"OECD","CPI","FOOD","AGRWTH","M","2003-05",2.088668,
"OECD","CPI","FOOD","AGRWTH","M","2003-06",2.600613,
"OECD","CPI","FOOD","AGRWTH","M","2003-07",2.482057,
"OECD","CPI","FOOD","AGRWTH","M","2003-08",2.643418,
"OECD","CPI","FOOD","AGRWTH","M","2003-09",2.921206,
"OECD","CPI","FOOD","AGRWTH","M","2003-10",3.367573,
"OECD","CPI","FOOD","AGRWTH","M","2003-11",3.219137,
"OECD","CPI","FOOD","AGRWTH","M","2003-12",3.401587,
"OECD","CPI","FOOD","AGRWTH","M","2004-01",3.288792,
"OECD","CPI","FOOD","AGRWTH","M","2004-02",3.061156,
"OECD","CPI","FOOD","AGRWTH","M","2004-03",2.870942,
"OECD","CPI","FOOD","AGRWTH","M","2004-04",2.659651,
"OECD","CPI","FOOD","AGRWTH","M","2004-05",3.077874,
"OECD","CPI","FOOD","AGRWTH","M","2004-06",3.030922,
"OECD","CPI","FOOD","AGRWTH","M","2004-07",3.102365,
"OECD","CPI","FOOD","AGRWTH","M","2004-08",2.830784,
"OECD","CPI","FOOD","AGRWTH","M","2004-09",2.2665,
"OECD","CPI","FOOD","AGRWTH","M","2004-10",2.62822,
"OECD","CPI","FOOD","AGRWTH","M","2004-11",2.571927,
"OECD","CPI","FOOD","AGRWTH","M","2004-12",2.061953,
"OECD","CPI","FOOD","AGRWTH","M","2005-01",1.75969,
"OECD","CPI","FOOD","AGRWTH","M","2005-02",1.729893,
"OECD","CPI","FOOD","AGRWTH","M","2005-03",1.813515,
"OECD","CPI","FOOD","AGRWTH","M","2005-04",2.231701,
"OECD","CPI","FOOD","AGRWTH","M","2005-05",1.873151,
"OECD","CPI","FOOD","AGRWTH","M","2005-06",1.236222,
"OECD","CPI","FOOD","AGRWTH","M","2005-07",1.315798,
"OECD","CPI","FOOD","AGRWTH","M","2005-08",1.273505,
"OECD","CPI","FOOD","AGRWTH","M","2005-09",1.528024,
"OECD","CPI","FOOD","AGRWTH","M","2005-10",0.9370606,
"OECD","CPI","FOOD","AGRWTH","M","2005-11",0.8748907,
"OECD","CPI","FOOD","AGRWTH","M","2005-12",1.294293,
"OECD","CPI","FOOD","AGRWTH","M","2006-01",2.077881,
"OECD","CPI","FOOD","AGRWTH","M","2006-02",1.851571,
"OECD","CPI","FOOD","AGRWTH","M","2006-03",1.415046,
"OECD","CPI","FOOD","AGRWTH","M","2006-04",1.200635,
"OECD","CPI","FOOD","AGRWTH","M","2006-05",1.373978,
"OECD","CPI","FOOD","AGRWTH","M","2006-06",1.952669,
"OECD","CPI","FOOD","AGRWTH","M","2006-07",2.199577,
"OECD","CPI","FOOD","AGRWTH","M","2006-08",2.883905,
"OECD","CPI","FOOD","AGRWTH","M","2006-09",3.190089,
"OECD","CPI","FOOD","AGRWTH","M","2006-10",3.114444,
"OECD","CPI","FOOD","AGRWTH","M","2006-11",2.892293,
"OECD","CPI","FOOD","AGRWTH","M","2006-12",2.612878,
"OECD","CPI","FOOD","AGRWTH","M","2007-01",2.507251,
"OECD","CPI","FOOD","AGRWTH","M","2007-02",3.065434,
"OECD","CPI","FOOD","AGRWTH","M","2007-03",3.43141,
"OECD","CPI","FOOD","AGRWTH","M","2007-04",3.834179,
"OECD","CPI","FOOD","AGRWTH","M","2007-05",3.644841,
"OECD","CPI","FOOD","AGRWTH","M","2007-06",3.671824,
"OECD","CPI","FOOD","AGRWTH","M","2007-07",3.630908,
"OECD","CPI","FOOD","AGRWTH","M","2007-08",3.517945,
"OECD","CPI","FOOD","AGRWTH","M","2007-09",3.713124,
"OECD","CPI","FOOD","AGRWTH","M","2007-10",4.408036,
"OECD","CPI","FOOD","AGRWTH","M","2007-11",4.890476,
"OECD","CPI","FOOD","AGRWTH","M","2007-12",5.131021,
"OECD","CPI","FOOD","AGRWTH","M","2008-01",5.350525,
"OECD","CPI","FOOD","AGRWTH","M","2008-02",5.253718,
"OECD","CPI","FOOD","AGRWTH","M","2008-03",5.358939,
"OECD","CPI","FOOD","AGRWTH","M","2008-04",5.896536,
"OECD","CPI","FOOD","AGRWTH","M","2008-05",6.274443,
"OECD","CPI","FOOD","AGRWTH","M","2008-06",6.708319,
"OECD","CPI","FOOD","AGRWTH","M","2008-07",7.427909,
"OECD","CPI","FOOD","AGRWTH","M","2008-08",7.410384,
"OECD","CPI","FOOD","AGRWTH","M","2008-09",6.992531,
"OECD","CPI","FOOD","AGRWTH","M","2008-10",6.707226,
"OECD","CPI","FOOD","AGRWTH","M","2008-11",6.424646,
"OECD","CPI","FOOD","AGRWTH","M","2008-12",6.139747,
"OECD","CPI","FOOD","AGRWTH","M","2009-01",5.58554,
"OECD","CPI","FOOD","AGRWTH","M","2009-02",4.990067,
"OECD","CPI","FOOD","AGRWTH","M","2009-03",4.591588,
"OECD","CPI","FOOD","AGRWTH","M","2009-04",3.382781,
"OECD","CPI","FOOD","AGRWTH","M","2009-05",2.651366,
"OECD","CPI","FOOD","AGRWTH","M","2009-06",1.818307,
"OECD","CPI","FOOD","AGRWTH","M","2009-07",0.5697303,
"OECD","CPI","FOOD","AGRWTH","M","2009-08",0.05690079,
"OECD","CPI","FOOD","AGRWTH","M","2009-09",-0.4574966,
"OECD","CPI","FOOD","AGRWTH","M","2009-10",-0.9493977,
"OECD","CPI","FOOD","AGRWTH","M","2009-11",-1.107821,
"OECD","CPI","FOOD","AGRWTH","M","2009-12",-1.014502,
"OECD","CPI","FOOD","AGRWTH","M","2010-01",-0.6384947,
"OECD","CPI","FOOD","AGRWTH","M","2010-02",-0.1928009,
"OECD","CPI","FOOD","AGRWTH","M","2010-03",0.2413219,
"OECD","CPI","FOOD","AGRWTH","M","2010-04",0.6854727,
"OECD","CPI","FOOD","AGRWTH","M","2010-05",0.5118052,
"OECD","CPI","FOOD","AGRWTH","M","2010-06",0.5987242,
"OECD","CPI","FOOD","AGRWTH","M","2010-07",1.001317,
"OECD","CPI","FOOD","AGRWTH","M","2010-08",1.301808,
"OECD","CPI","FOOD","AGRWTH","M","2010-09",2.092783,
"OECD","CPI","FOOD","AGRWTH","M","2010-10",2.444518,
"OECD","CPI","FOOD","AGRWTH","M","2010-11",2.591186,
"OECD","CPI","FOOD","AGRWTH","M","2010-12",2.520993,
"OECD","CPI","FOOD","AGRWTH","M","2011-01",2.599398,
"OECD","CPI","FOOD","AGRWTH","M","2011-02",3.008052,
"OECD","CPI","FOOD","AGRWTH","M","2011-03",3.115541,
"OECD","CPI","FOOD","AGRWTH","M","2011-04",3.165726,
"OECD","CPI","FOOD","AGRWTH","M","2011-05",3.90507,
"OECD","CPI","FOOD","AGRWTH","M","2011-06",4.061712,
"OECD","CPI","FOOD","AGRWTH","M","2011-07",4.442966,
"OECD","CPI","FOOD","AGRWTH","M","2011-08",4.597543,
"OECD","CPI","FOOD","AGRWTH","M","2011-09",4.313182,
"OECD","CPI","FOOD","AGRWTH","M","2011-10",4.162087,
"OECD","CPI","FOOD","AGRWTH","M","2011-11",4.148805,
"OECD","CPI","FOOD","AGRWTH","M","2011-12",4.448932,
"OECD","CPI","FOOD","AGRWTH","M","2012-01",4.215201,
"OECD","CPI","FOOD","AGRWTH","M","2012-02",3.842806,
"OECD","CPI","FOOD","AGRWTH","M","2012-03",3.488081,
"OECD","CPI","FOOD","AGRWTH","M","2012-04",3.123885,
"OECD","CPI","FOOD","AGRWTH","M","2012-05",2.636919,
"OECD","CPI","FOOD","AGRWTH","M","2012-06",2.721803,
"OECD","CPI","FOOD","AGRWTH","M","2012-07",2.335155,
"OECD","CPI","FOOD","AGRWTH","M","2012-08",2.121094,
"OECD","CPI","FOOD","AGRWTH","M","2012-09",2.045679,
"OECD","CPI","FOOD","AGRWTH","M","2012-10",2.165809,
"OECD","CPI","FOOD","AGRWTH","M","2012-11",2.210932,
"OECD","CPI","FOOD","AGRWTH","M","2012-12",2.141443,
"OECD","CPI","FOOD","AGRWTH","M","2013-01",2.061805,
"OECD","CPI","FOOD","AGRWTH","M","2013-02",1.776634,
"OECD","CPI","FOOD","AGRWTH","M","2013-03",1.720158,
"OECD","CPI","FOOD","AGRWTH","M","2013-04",1.961461,
"OECD","CPI","FOOD","AGRWTH","M","2013-05",1.923423,
"OECD","CPI","FOOD","AGRWTH","M","2013-06",2.015591,
"OECD","CPI","FOOD","AGRWTH","M","2013-07",2.170218,
"OECD","CPI","FOOD","AGRWTH","M","2013-08",2.117849,
"OECD","CPI","FOOD","AGRWTH","M","2013-09",1.897401,
"OECD","CPI","FOOD","AGRWTH","M","2013-10",1.624377,
"OECD","CPI","FOOD","AGRWTH","M","2013-11",1.501091,
"OECD","CPI","FOOD","AGRWTH","M","2013-12",1.442885,
"OECD","CPI","FOOD","AGRWTH","M","2014-01",1.431042,
"OECD","CPI","FOOD","AGRWTH","M","2014-02",1.599772,
"OECD","CPI","FOOD","AGRWTH","M","2014-03",1.69988,
"OECD","CPI","FOOD","AGRWTH","M","2014-04",1.953684,
"OECD","CPI","FOOD","AGRWTH","M","2014-05",2.238284,
"OECD","CPI","FOOD","AGRWTH","M","2014-06",2.079116,
"OECD","CPI","FOOD","AGRWTH","M","2014-07",2.152785,
"OECD","CPI","FOOD","AGRWTH","M","2014-08",2.295656,
"OECD","CPI","FOOD","AGRWTH","M","2014-09",2.656721,
"OECD","CPI","FOOD","AGRWTH","M","2014-10",2.556842,
"OECD","CPI","FOOD","AGRWTH","M","2014-11",2.497736,
"OECD","CPI","FOOD","AGRWTH","M","2014-12",2.500149,
"OECD","CPI","FOOD","AGRWTH","M","2015-01",2.356992,
"OECD","CPI","FOOD","AGRWTH","M","2015-02",2.349936,
"OECD","CPI","FOOD","AGRWTH","M","2015-03",2.019095,
"OECD","CPI","FOOD","AGRWTH","M","2015-04",1.827387,
"OECD","CPI","FOOD","AGRWTH","M","2015-05",1.629306,
"OECD","CPI","FOOD","AGRWTH","M","2015-06",1.593411,
"OECD","CPI","FOOD","AGRWTH","M","2015-07",1.37932,
"OECD","CPI","FOOD","AGRWTH","M","2015-08",1.463773,
"OECD","CPI","FOOD","AGRWTH","M","2015-09",1.462328,
"OECD","CPI","FOOD","AGRWTH","M","2015-10",1.641662,
"OECD","CPI","FOOD","AGRWTH","M","2015-11",1.375935,
"OECD","CPI","FOOD","AGRWTH","M","2015-12",0.9426968,
"OECD","CPI","FOOD","AGRWTH","M","2016-01",0.9211693,
"OECD","CPI","FOOD","AGRWTH","M","2016-02",1.06094,
"OECD","CPI","FOOD","AGRWTH","M","2016-03",0.838109,
"OECD","CPI","FOOD","AGRWTH","M","2016-04",0.6333181,
"OECD","CPI","FOOD","AGRWTH","M","2016-05",0.3178415,
"OECD","CPI","FOOD","AGRWTH","M","2016-06",0.1865277,
"OECD","CPI","FOOD","AGRWTH","M","2016-07",0.4341126,
"OECD","CPI","FOOD","AGRWTH","M","2016-08",0.06211422,
"OECD","CPI","FOOD","AGRWTH","M","2016-09",-0.2014883,
"OECD","CPI","FOOD","AGRWTH","M","2016-10",-0.1696221,
"OECD","CPI","FOOD","AGRWTH","M","2016-11",0.1062753,
"OECD","CPI","FOOD","AGRWTH","M","2016-12",0.3143634,
"OECD","CPI","FOOD","AGRWTH","M","2017-01",0.5146439,
"OECD","CPI","FOOD","AGRWTH","M","2017-02",0.6763041,
"OECD","CPI","FOOD","AGRWTH","M","2017-03",0.9833369,
"OECD","CPI","FOOD","AGRWTH","M","2017-04",1.104132,
"OECD","CPI","FOOD","AGRWTH","M","2017-05",1.552182,
"OECD","CPI","FOOD","AGRWTH","M","2017-06",1.561924,
"OECD","CPI","FOOD","AGRWTH","M","2017-07",1.558685,
"OECD","CPI","FOOD","AGRWTH","M","2017-08",1.783022,
"OECD","CPI","FOOD","AGRWTH","M","2017-09",1.874447,
"OECD","CPI","FOOD","AGRWTH","M","2017-10",1.834601,
"OECD","CPI","FOOD","AGRWTH","M","2017-11",2.005724,
"OECD","CPI","FOOD","AGRWTH","M","2017-12",2.234848,
"OECD","CPI","FOOD","AGRWTH","M","2018-01",2.20186,
"OECD","CPI","FOOD","AGRWTH","M","2018-02",1.666903,
"OECD","CPI","FOOD","AGRWTH","M","2018-03",1.647274,
"OECD","CPI","FOOD","AGRWTH","M","2018-04",1.626042,
"OECD","CPI","FOOD","AGRWTH","M","2018-05",1.441543,
"OECD","CPI","FOOD","AGRWTH","M","2018-06",1.793248,
"OECD","CPI","FOOD","AGRWTH","M","2018-07",1.838426,
"OECD","CPI","FOOD","AGRWTH","M","2018-08",2.008798,
"OECD","CPI","FOOD","AGRWTH","M","2018-09",2.320598,
"OECD","CPI","FOOD","AGRWTH","M","2018-10",2.202126,
"OECD","CPI","FOOD","AGRWTH","M","2018-11",1.931133,
"OECD","CPI","FOOD","AGRWTH","M","2018-12",1.865705,
"OECD","CPI","FOOD","AGRWTH","M","2019-01",1.983249,
"OECD","CPI","FOOD","AGRWTH","M","2019-02",2.301602,
"OECD","CPI","FOOD","AGRWTH","M","2019-03",2.44297,
"OECD","CPI","FOOD","AGRWTH","M","2019-04",2.269674,
"OECD","CPI","FOOD","AGRWTH","M","2019-05",2.512713,
"OECD","CPI","FOOD","AGRWTH","M","2019-06",2.292064,
"OECD","CPI","FOOD","AGRWTH","M","2019-07",2.202167,
"OECD","CPI","FOOD","AGRWTH","M","2019-08",1.927439,
"OECD","CPI","FOOD","AGRWTH","M","2019-09",1.491951,
"OECD","CPI","FOOD","AGRWTH","M","2019-10",1.721782,
"OECD","CPI","FOOD","AGRWTH","M","2019-11",1.925469,
"OECD","CPI","FOOD","AGRWTH","M","2019-12",1.873549,
"OECD","CPI","FOOD","AGRWTH","M","2020-01",1.907305,
"OECD","CPI","FOOD","AGRWTH","M","2020-02",2.077558,
"OECD","CPI","FOOD","AGRWTH","M","2020-03",2.456437,
"OECD","CPI","FOOD","AGRWTH","M","2020-04",4.220158,
"OECD","CPI","FOOD","AGRWTH","M","2020-05",4.523871,
"OECD","CPI","FOOD","AGRWTH","M","2020-06",4.623281,
"OECD","CPI","FOOD","AGRWTH","M","2020-07",3.751793,
"OECD","CPI","FOOD","AGRWTH","M","2020-08",3.772836,
"OECD","CPI","FOOD","AGRWTH","M","2020-09",3.444168,
"OECD","CPI","FOOD","AGRWTH","M","2020-10",3.667248,
"OECD","CPI","FOOD","AGRWTH","M","2020-11",3.406175,
"OECD","CPI","FOOD","AGRWTH","M","2020-12",3.149086,
"OECD","CPI","FOOD","AGRWTH","M","2021-01",3.067343,
"OECD","CPI","FOOD","AGRWTH","M","2021-02",3.011764,
"OECD","CPI","FOOD","AGRWTH","M","2021-03",2.702556,
"OECD","CPI","FOOD","AGRWTH","M","2021-04",1.668651,
"OECD","CPI","FOOD","AGRWTH","M","2021-05",1.508928,
"OECD","CPI","FOOD","AGRWTH","M","2021-06",1.855284,
"OECD","CPI","FOOD","AGRWTH","M","2021-07",3.04095,
"OECD","CPI","FOOD","AGRWTH","M","2021-08",3.524057,
"OECD","CPI","FOOD","AGRWTH","M","2021-09",4.468171,
"OECD","CPI","FOOD","AGRWTH","M","2021-10",4.557058,
"OECD","CPI","FOOD","AGRWTH","M","2021-11",5.496299,
"OECD","CPI","FOOD","AGRWTH","M","2021-12",6.723538,
"OECD","CPI","FOOD","AGRWTH","M","2022-01",7.627839,
"OECD","CPI","FOOD","AGRWTH","M","2022-02",8.779437,
"OECD","CPI","FOOD","AGRWTH","M","2022-03",10.05719,
"OECD","CPI","FOOD","AGRWTH","M","2022-04",11.6292,
"OECD","CPI","FOOD","AGRWTH","M","2022-05",12.71658,
"OECD","CPI","FOOD","AGRWTH","M","2022-06",13.45263,
"OECD","CPI","FOOD","AGRWTH","M","2022-07",14.66841,
"OECD","CPI","FOOD","AGRWTH","M","2022-08",15.12229,
"OECD","CPI","FOOD","AGRWTH","M","2022-09",15.39987,
"OECD","CPI","FOOD","AGRWTH","M","2022-10",16.14965,
"OECD","CPI","FOOD","AGRWTH","M","2022-11",16.17787,
"OECD","CPI","FOOD","AGRWTH","M","2022-12",15.58002,
"OECD","CPI","FOOD","AGRWTH","M","2023-01",15.19166,
"OECD","CPI","FOOD","AGRWTH","M","2023-02",14.85984,
"OECD","CPI","FOOD","AGRWTH","M","2023-03",13.9795,
"OECD","CPI","FOOD","AGRWTH","M","2023-04",12.11893,
"OECD","CPI","FOOD","AGRWTH","M","2023-05",10.95072,
"OECD","CPI","FOOD","AGRWTH","M","2023-06",10.07489,
"OECD","CPI","FOOD","AGRWTH","M","2023-07",9.219101,
"OECD","CPI","FOOD","AGRWTH","M","2023-08",8.832532,
